mod_id,mod_version,jar,class_name,method,method_desc,pc,opcode,kind,callee_owner,callee_name,callee_desc,target_kind,entity_target,requests_search,inside_navigation,tick_driven,tick_evidence,cadence,tick_reason,method_checks_nav_state,throttle_hint,in_iterator_loop,mixin_targets
animal_feeding_trough,1.2.1+26.1.2,mods/animal_feeding_trough-1.2.1+26.1.2.jar,slexom/animal_feeding_trough/platform/common/world/entity/ai/behavior/SelfFeed,tick,(Lnet/minecraft/server/level/ServerLevel;Lnet/minecraft/world/entity/animal/Animal;J)V,153,invokespecial,walk_target,net/minecraft/world/entity/ai/memory/WalkTarget,<init>,(Lnet/minecraft/world/entity/ai/behavior/PositionTracker;FI)V,tracker,False,True,False,True,direct,every_tick,Behavior.tick,False,False,False,
animalgarden_alligatorgar,1.0.0,mods/animalgarden_alligatorgar-1.0.0-fabric-26.1.1-0.145.4.jar,aquariusplayz/animalgarden/alligatorgar/mob/ModMob,aiStep,()V,509,invokevirtual,navigation,net/minecraft/world/entity/ai/navigation/PathNavigation,moveTo,(DDDD)Z,coords,False,True,False,True,direct,every_tick,Entity.aiStep,True,True,False,
animalgarden_alligatorgar,1.0.0,mods/animalgarden_alligatorgar-1.0.0-fabric-26.1.1-0.145.4.jar,aquariusplayz/animalgarden/alligatorgar/mob/goals/ModMeleeAttackGoal,canUse,()Z,113,invokevirtual,navigation,net/minecraft/world/entity/ai/navigation/PathNavigation,createPath,(Lnet/minecraft/world/entity/Entity;I)Lnet/minecraft/world/level/pathfinder/Path;,entity,True,True,False,True,direct,every_tick,Goal.canUse,False,False,False,
animalgarden_alligatorgar,1.0.0,mods/animalgarden_alligatorgar-1.0.0-fabric-26.1.1-0.145.4.jar,aquariusplayz/animalgarden/alligatorgar/mob/goals/ModMeleeAttackGoal,canUse,()Z,164,invokevirtual,navigation,net/minecraft/world/entity/ai/navigation/PathNavigation,createPath,(Lnet/minecraft/world/entity/Entity;I)Lnet/minecraft/world/level/pathfinder/Path;,entity,True,True,False,True,direct,every_tick,Goal.canUse,False,False,False,
animalgarden_alligatorgar,1.0.0,mods/animalgarden_alligatorgar-1.0.0-fabric-26.1.1-0.145.4.jar,aquariusplayz/animalgarden/alligatorgar/mob/goals/ModMeleeAttackGoal,start,()V,15,invokevirtual,navigation,net/minecraft/world/entity/ai/navigation/PathNavigation,moveTo,(Lnet/minecraft/world/level/pathfinder/Path;D)Z,path,False,False,False,True,direct,on_start,Goal.start,False,False,False,
animalgarden_alligatorgar,1.0.0,mods/animalgarden_alligatorgar-1.0.0-fabric-26.1.1-0.145.4.jar,aquariusplayz/animalgarden/alligatorgar/mob/goals/ModMeleeAttackGoal,tick,()V,353,invokevirtual,navigation,net/minecraft/world/entity/ai/navigation/PathNavigation,moveTo,(Lnet/minecraft/world/entity/Entity;D)Z,entity,True,True,False,True,direct,every_tick,Goal.tick,True,True,False,
animalgarden_bullshark,1.1.1,mods/animalgarden_bullshark-1.1.1-fabric-26.1.1-0.145.4.jar,aquariusplayz/animalgarden/bullshark/mob/goals/HuntGoal,navigateTowards,(Lnet/minecraft/world/entity/Entity;)V,23,invokevirtual,navigation,net/minecraft/world/entity/ai/navigation/PathNavigation,moveTo,(DDDD)Z,coords,False,True,False,True,same_class,every_tick,via tick <- Goal.tick,False,False,False,
animalgarden_bullshark,1.1.1,mods/animalgarden_bullshark-1.1.1-fabric-26.1.1-0.145.4.jar,aquariusplayz/animalgarden/bullshark/mob/goals/HuntGoal,tick,()V,179,invokevirtual,navigation,net/minecraft/world/entity/ai/navigation/PathNavigation,moveTo,(DDDD)Z,coords,False,True,False,True,direct,every_tick,Goal.tick,False,False,False,
animalgarden_commonraven,1.0.1,mods/animalgarden-commonraven-1.0.1-fabric-26.2-0.152.2.jar,aquariusplayz/animalgarden/commonraven/mob/ModMob,lambda$runBehaviorsOnServer$1,(Lnet/minecraft/world/entity/item/ItemEntity;)V,33,invokevirtual,navigation,net/minecraft/world/entity/ai/navigation/PathNavigation,createPath,(Lnet/minecraft/world/entity/Entity;I)Lnet/minecraft/world/level/pathfinder/Path;,entity,True,True,False,True,cross_class,every_tick,lambda created in ModMob#runBehaviorsOnServer <- via DefaultTamableAnimal#aiStep <- Entity.aiStep,False,False,False,
animalgarden_commonraven,1.0.1,mods/animalgarden-commonraven-1.0.1-fabric-26.2-0.152.2.jar,aquariusplayz/animalgarden/commonraven/mob/ModMob,lambda$runBehaviorsOnServer$1,(Lnet/minecraft/world/entity/item/ItemEntity;)V,74,invokevirtual,navigation,net/minecraft/world/entity/ai/navigation/PathNavigation,createPath,(Lnet/minecraft/world/entity/Entity;I)Lnet/minecraft/world/level/pathfinder/Path;,entity,True,True,False,True,cross_class,every_tick,lambda created in ModMob#runBehaviorsOnServer <- via DefaultTamableAnimal#aiStep <- Entity.aiStep,False,False,False,
animalgarden_commonraven,1.0.1,mods/animalgarden-commonraven-1.0.1-fabric-26.2-0.152.2.jar,aquariusplayz/animalgarden/commonraven/mob/ModMob,runBehaviorsOnServer,(Lnet/minecraft/server/level/ServerLevel;)V,309,invokevirtual,navigation,net/minecraft/world/entity/ai/navigation/PathNavigation,moveTo,(Lnet/minecraft/world/level/pathfinder/Path;D)Z,path,False,False,False,True,cross_class,every_tick,via DefaultTamableAnimal#aiStep <- Entity.aiStep,True,True,False,
animalgarden_commonraven,1.0.1,mods/animalgarden-commonraven-1.0.1-fabric-26.2-0.152.2.jar,aquariusplayz/animalgarden/commonraven/mob/ModMob,runBehaviorsOnServer,(Lnet/minecraft/server/level/ServerLevel;)V,325,invokevirtual,navigation,net/minecraft/world/entity/ai/navigation/PathNavigation,createPath,(Lnet/minecraft/world/entity/Entity;I)Lnet/minecraft/world/level/pathfinder/Path;,entity,True,True,False,True,cross_class,every_tick,via DefaultTamableAnimal#aiStep <- Entity.aiStep,True,True,False,
animalgarden_commonraven,1.0.1,mods/animalgarden-commonraven-1.0.1-fabric-26.2-0.152.2.jar,aquariusplayz/animalgarden/commonraven/mob/ModMob,runBehaviorsOnServer,(Lnet/minecraft/server/level/ServerLevel;)V,868,invokevirtual,navigation,net/minecraft/world/entity/ai/navigation/PathNavigation,createPath,(DDDI)Lnet/minecraft/world/level/pathfinder/Path;,coords,False,True,False,True,cross_class,every_tick,via DefaultTamableAnimal#aiStep <- Entity.aiStep,True,True,False,
animalgarden_commonraven,1.0.1,mods/animalgarden-commonraven-1.0.1-fabric-26.2-0.152.2.jar,aquariusplayz/animalgarden/commonraven/mob/ModMob,runBehaviorsOnServer,(Lnet/minecraft/server/level/ServerLevel;)V,975,invokevirtual,navigation,net/minecraft/world/entity/ai/navigation/PathNavigation,moveTo,(Lnet/minecraft/world/level/pathfinder/Path;D)Z,path,False,False,False,True,cross_class,every_tick,via DefaultTamableAnimal#aiStep <- Entity.aiStep,True,True,False,
animalgarden_commonraven,1.0.1,mods/animalgarden-commonraven-1.0.1-fabric-26.2-0.152.2.jar,aquariusplayz/animalgarden/commonraven/mob/ModMob,runBehaviorsOnServer,(Lnet/minecraft/server/level/ServerLevel;)V,1017,invokevirtual,navigation,net/minecraft/world/entity/ai/navigation/PathNavigation,createPath,(DDDI)Lnet/minecraft/world/level/pathfinder/Path;,coords,False,True,False,True,cross_class,every_tick,via DefaultTamableAnimal#aiStep <- Entity.aiStep,True,True,False,
animalgarden_commonraven,1.0.1,mods/animalgarden-commonraven-1.0.1-fabric-26.2-0.152.2.jar,aquariusplayz/animalgarden/commonraven/mob/newgoals/DefaultWaterAvoidingRandomGroundAndFlyingStrollGoal,start,()V,23,invokevirtual,navigation,net/minecraft/world/entity/ai/navigation/PathNavigation,moveTo,(DDDD)Z,coords,False,True,False,True,direct,on_start,Goal.start,False,False,False,
animalgarden_commonraven,1.0.1,mods/animalgarden-commonraven-1.0.1-fabric-26.2-0.152.2.jar,aquariusplayz/animalgarden/commonraven/mob/newgoals/ModDropItemOffNearPlayerGoal,canUse,()Z,142,invokevirtual,navigation,net/minecraft/world/entity/ai/navigation/PathNavigation,createPath,(Lnet/minecraft/world/entity/Entity;I)Lnet/minecraft/world/level/pathfinder/Path;,entity,True,True,False,True,direct,every_tick,Goal.canUse,False,False,False,
animalgarden_commonraven,1.0.1,mods/animalgarden-commonraven-1.0.1-fabric-26.2-0.152.2.jar,aquariusplayz/animalgarden/commonraven/mob/newgoals/ModDropItemOffNearPlayerGoal,canUse,()Z,193,invokevirtual,navigation,net/minecraft/world/entity/ai/navigation/PathNavigation,createPath,(Lnet/minecraft/world/entity/Entity;I)Lnet/minecraft/world/level/pathfinder/Path;,entity,True,True,False,True,direct,every_tick,Goal.canUse,False,False,False,
animalgarden_commonraven,1.0.1,mods/animalgarden-commonraven-1.0.1-fabric-26.2-0.152.2.jar,aquariusplayz/animalgarden/commonraven/mob/newgoals/ModDropItemOffNearPlayerGoal,start,()V,19,invokevirtual,navigation,net/minecraft/world/entity/ai/navigation/PathNavigation,moveTo,(Lnet/minecraft/world/level/pathfinder/Path;D)Z,path,False,False,False,True,direct,on_start,Goal.start,False,False,False,
animalgarden_commonraven,1.0.1,mods/animalgarden-commonraven-1.0.1-fabric-26.2-0.152.2.jar,aquariusplayz/animalgarden/commonraven/mob/newgoals/ModDropItemOffNearPlayerGoal,tick,()V,353,invokevirtual,navigation,net/minecraft/world/entity/ai/navigation/PathNavigation,moveTo,(Lnet/minecraft/world/entity/Entity;D)Z,entity,True,True,False,True,direct,every_tick,Goal.tick,True,True,False,
animalgarden_crocodile,1.1.0,mods/animalgarden_crocodile-1.1.0-fabric-26.1.2-0.145.4.jar,aquariusplayz/animalgarden/crocodile/mob/ModMob,runBehaviorsOnServer,(Lnet/minecraft/server/level/ServerLevel;)V,793,invokevirtual,navigation,net/minecraft/world/entity/ai/navigation/PathNavigation,moveTo,(DDDD)Z,coords,False,True,False,True,cross_class,every_tick,via DefaultTamableAnimal#aiStep <- Entity.aiStep,True,True,False,
animalgarden_crocodile,1.1.0,mods/animalgarden_crocodile-1.1.0-fabric-26.1.2-0.145.4.jar,aquariusplayz/animalgarden/crocodile/mob/goals/ModRandomSwimmingOrWalkingGoal,start,()V,27,invokevirtual,navigation,net/minecraft/world/entity/ai/navigation/PathNavigation,moveTo,(DDDD)Z,coords,False,True,False,True,direct,on_start,Goal.start,False,False,False,
animalgarden_fennecfox,1.0.2,mods/animalgarden_fennecfox-1.0.2-fabric-26.2-0.152.2.jar,aquariusplayz/animalgarden/fennecfox/mob/ModMob,aiStep,()V,585,invokevirtual,navigation,net/minecraft/world/entity/ai/navigation/PathNavigation,moveTo,(DDDD)Z,coords,False,True,False,True,direct,every_tick,Entity.aiStep,True,True,False,
animalgarden_fennecfox,1.0.2,mods/animalgarden_fennecfox-1.0.2-fabric-26.2-0.152.2.jar,aquariusplayz/animalgarden/fennecfox/mob/goals/FollowParentGoal,tick,()V,39,invokevirtual,navigation,net/minecraft/world/entity/ai/navigation/PathNavigation,moveTo,(Lnet/minecraft/world/entity/Entity;D)Z,entity,True,True,False,True,direct,every_tick,Goal.tick,False,True,False,
animalgarden_fennecfox,1.0.2,mods/animalgarden_fennecfox-1.0.2-fabric-26.2-0.152.2.jar,aquariusplayz/animalgarden/fennecfox/mob/goals/ModAvoidEntityGoal,canUse,()Z,196,invokevirtual,navigation,net/minecraft/world/entity/ai/navigation/PathNavigation,createPath,(DDDI)Lnet/minecraft/world/level/pathfinder/Path;,coords,False,True,False,True,direct,every_tick,Goal.canUse,False,False,False,
animalgarden_fennecfox,1.0.2,mods/animalgarden_fennecfox-1.0.2-fabric-26.2-0.152.2.jar,aquariusplayz/animalgarden/fennecfox/mob/goals/ModAvoidEntityGoal,start,()V,12,invokevirtual,navigation,net/minecraft/world/entity/ai/navigation/PathNavigation,moveTo,(Lnet/minecraft/world/level/pathfinder/Path;D)Z,path,False,False,False,True,direct,on_start,Goal.start,False,False,False,
animalgarden_fennecfox,1.0.2,mods/animalgarden_fennecfox-1.0.2-fabric-26.2-0.152.2.jar,aquariusplayz/animalgarden/fennecfox/mob/goals/ModBreedGoal,tick,()V,39,invokevirtual,navigation,net/minecraft/world/entity/ai/navigation/PathNavigation,moveTo,(Lnet/minecraft/world/entity/Entity;D)Z,entity,True,True,False,True,direct,every_tick,Goal.tick,False,True,False,
animalgarden_fennecfox,1.0.2,mods/animalgarden_fennecfox-1.0.2-fabric-26.2-0.152.2.jar,aquariusplayz/animalgarden/fennecfox/mob/goals/ModFollowOwnerGoal,tick,()V,109,invokevirtual,navigation,net/minecraft/world/entity/ai/navigation/PathNavigation,moveTo,(Lnet/minecraft/world/entity/Entity;D)Z,entity,True,True,False,True,direct,every_tick,Goal.tick,False,True,False,
animalgarden_fennecfox,1.0.2,mods/animalgarden_fennecfox-1.0.2-fabric-26.2-0.152.2.jar,aquariusplayz/animalgarden/fennecfox/mob/goals/ModFollowParentGoal,tick,()V,39,invokevirtual,navigation,net/minecraft/world/entity/ai/navigation/PathNavigation,moveTo,(Lnet/minecraft/world/entity/Entity;D)Z,entity,True,True,False,True,direct,every_tick,Goal.tick,False,True,False,
animalgarden_fennecfox,1.0.2,mods/animalgarden_fennecfox-1.0.2-fabric-26.2-0.152.2.jar,aquariusplayz/animalgarden/fennecfox/mob/goals/ModGoBackHomeGoal,tick,()V,75,invokevirtual,navigation,net/minecraft/world/entity/ai/navigation/PathNavigation,moveTo,(DDDD)Z,coords,False,True,False,True,direct,every_tick,Goal.tick,False,True,False,
animalgarden_fennecfox,1.0.2,mods/animalgarden_fennecfox-1.0.2-fabric-26.2-0.152.2.jar,aquariusplayz/animalgarden/fennecfox/mob/goals/ModMeleeAttackGoal,canUse,()Z,136,invokevirtual,navigation,net/minecraft/world/entity/ai/navigation/PathNavigation,createPath,(Lnet/minecraft/world/entity/Entity;I)Lnet/minecraft/world/level/pathfinder/Path;,entity,True,True,False,True,direct,every_tick,Goal.canUse,False,False,False,
animalgarden_fennecfox,1.0.2,mods/animalgarden_fennecfox-1.0.2-fabric-26.2-0.152.2.jar,aquariusplayz/animalgarden/fennecfox/mob/goals/ModMeleeAttackGoal,canUse,()Z,187,invokevirtual,navigation,net/minecraft/world/entity/ai/navigation/PathNavigation,createPath,(Lnet/minecraft/world/entity/Entity;I)Lnet/minecraft/world/level/pathfinder/Path;,entity,True,True,False,True,direct,every_tick,Goal.canUse,False,False,False,
animalgarden_fennecfox,1.0.2,mods/animalgarden_fennecfox-1.0.2-fabric-26.2-0.152.2.jar,aquariusplayz/animalgarden/fennecfox/mob/goals/ModMeleeAttackGoal,start,()V,15,invokevirtual,navigation,net/minecraft/world/entity/ai/navigation/PathNavigation,moveTo,(Lnet/minecraft/world/level/pathfinder/Path;D)Z,path,False,False,False,True,direct,on_start,Goal.start,False,False,False,
animalgarden_fennecfox,1.0.2,mods/animalgarden_fennecfox-1.0.2-fabric-26.2-0.152.2.jar,aquariusplayz/animalgarden/fennecfox/mob/goals/ModMeleeAttackGoal,tick,()V,349,invokevirtual,navigation,net/minecraft/world/entity/ai/navigation/PathNavigation,moveTo,(Lnet/minecraft/world/entity/Entity;D)Z,entity,True,True,False,True,direct,every_tick,Goal.tick,True,True,False,
animalgarden_fennecfox,1.0.2,mods/animalgarden_fennecfox-1.0.2-fabric-26.2-0.152.2.jar,aquariusplayz/animalgarden/fennecfox/mob/goals/ModPanicGoal,start,()V,23,invokevirtual,navigation,net/minecraft/world/entity/ai/navigation/PathNavigation,moveTo,(DDDD)Z,coords,False,True,False,True,direct,on_start,Goal.start,False,False,False,
animalgarden_harpseal,1.0.1,mods/animalgarden-harpseal-1.0.1-fabric-26.1.1-0.145.3.jar,aquariusplayz/animalgarden/harpseal/mob/ModMob,runBehaviorsOnServer,(Lnet/minecraft/server/level/ServerLevel;)V,764,invokevirtual,navigation,net/minecraft/world/entity/ai/navigation/PathNavigation,moveTo,(DDDD)Z,coords,False,True,False,True,cross_class,every_tick,via DefaultTamableAnimal#aiStep <- Entity.aiStep,True,True,False,
animalgarden_harpseal,1.0.1,mods/animalgarden-harpseal-1.0.1-fabric-26.1.1-0.145.3.jar,aquariusplayz/animalgarden/harpseal/mob/goals/ModRandomSwimmingOrWalkingGoal,start,()V,27,invokevirtual,navigation,net/minecraft/world/entity/ai/navigation/PathNavigation,moveTo,(DDDD)Z,coords,False,True,False,True,direct,on_start,Goal.start,False,False,False,
animalgarden_hippopotamus,1.0.2,mods/animalgarden_hippopotamus-1.0.2-fabric-26.1.1-0.145.4.jar,aquariusplayz/animalgarden/hippopotamus/mob/goals/ModRandomSwimmingOrWalkingGoal,start,()V,27,invokevirtual,navigation,net/minecraft/world/entity/ai/navigation/PathNavigation,moveTo,(DDDD)Z,coords,False,True,False,True,direct,on_start,Goal.start,False,False,False,
animalgarden_lion,1.0.3,mods/animalgarden_lion-1.0.3-fabric-26.1.1-0.145.3.jar,aquariusplayz/animalgarden/lion/mob/ModMob,lambda$runBehaviorsOnServer$0,(Lnet/minecraft/world/entity/PathfinderMob;)V,76,invokevirtual,navigation,net/minecraft/world/entity/ai/navigation/PathNavigation,moveTo,(DDDD)Z,coords,False,True,False,True,cross_class,every_tick,lambda created in ModMob#runBehaviorsOnServer <- via DefaultTamableAnimal#aiStep <- Entity.aiStep,True,False,False,
animalgarden_lion,1.0.3,mods/animalgarden_lion-1.0.3-fabric-26.1.1-0.145.3.jar,aquariusplayz/animalgarden/lion/mob/ModMob,runBehaviorsOnServer,(Lnet/minecraft/server/level/ServerLevel;)V,645,invokevirtual,navigation,net/minecraft/world/entity/ai/navigation/PathNavigation,moveTo,(DDDD)Z,coords,False,True,False,True,cross_class,every_tick,via DefaultTamableAnimal#aiStep <- Entity.aiStep,True,True,False,
animalgarden_manatee,1.0.2,mods/animalgarden_manatee-1.0.2-fabirc-26.1.2-0.145.4.jar,aquariusplayz/animalgarden/manatee/mob/goals/ModPanicGoal,start,()V,37,invokevirtual,navigation,net/minecraft/world/entity/ai/navigation/PathNavigation,moveTo,(DDDD)Z,coords,False,True,False,True,direct,on_start,Goal.start,False,False,False,
animalgarden_narwhal,1.0.1,mods/animalgarden-narwhal-1.0.1-fabric-26.1.1-0.145.3.jar,aquariusplayz/animalgarden/narwhal/mob/ModMob,runBehaviorsOnServer,(Lnet/minecraft/server/level/ServerLevel;)V,593,invokevirtual,navigation,net/minecraft/world/entity/ai/navigation/PathNavigation,moveTo,(DDDD)Z,coords,False,True,False,True,cross_class,every_tick,via DefaultTamableAnimal#aiStep <- Entity.aiStep,True,True,False,
animalgarden_narwhal,1.0.1,mods/animalgarden-narwhal-1.0.1-fabric-26.1.1-0.145.3.jar,aquariusplayz/animalgarden/narwhal/mob/goals/ModRandomSwimmingOrWalkingGoal,start,()V,27,invokevirtual,navigation,net/minecraft/world/entity/ai/navigation/PathNavigation,moveTo,(DDDD)Z,coords,False,True,False,True,direct,on_start,Goal.start,False,False,False,
animalgarden_owl,1.2.8,mods/animalgarden_owl-1.2.8-fabric-26.1.2-0.145.4.jar,aquariusplayz/animalgarden/owl/mob/owl/goals/ModFollowMobGoal,tick,()V,157,invokevirtual,navigation,net/minecraft/world/entity/ai/navigation/PathNavigation,moveTo,(Lnet/minecraft/world/entity/Entity;D)Z,entity,True,True,False,True,direct,every_tick,Goal.tick,True,True,False,
animalgarden_owl,1.2.8,mods/animalgarden_owl-1.2.8-fabric-26.1.2-0.145.4.jar,aquariusplayz/animalgarden/owl/mob/owl/goals/ModFollowMobGoal,tick,()V,308,invokevirtual,navigation,net/minecraft/world/entity/ai/navigation/PathNavigation,moveTo,(DDDD)Z,coords,False,True,False,True,direct,every_tick,Goal.tick,True,True,False,
animalgarden_redpanda,1.1.3,mods/animalgarden_redpanda-1.1.3-fabric-26.1.2-0.145.4.jar,aquariusplayz/animalgarden/redpanda/mob/goals/ModBreedGoal,tick,()V,39,invokevirtual,navigation,net/minecraft/world/entity/ai/navigation/PathNavigation,moveTo,(Lnet/minecraft/world/entity/Entity;D)Z,entity,True,True,False,True,direct,every_tick,Goal.tick,False,True,False,
animalgarden_redpanda,1.1.3,mods/animalgarden_redpanda-1.1.3-fabric-26.1.2-0.145.4.jar,aquariusplayz/animalgarden/redpanda/mob/goals/ModFollowOwnerGoal,tick,()V,86,invokevirtual,navigation,net/minecraft/world/entity/ai/navigation/PathNavigation,moveTo,(Lnet/minecraft/world/entity/Entity;D)Z,entity,True,True,False,True,direct,every_tick,Goal.tick,False,True,False,
animalgarden_redpanda,1.1.3,mods/animalgarden_redpanda-1.1.3-fabric-26.1.2-0.145.4.jar,aquariusplayz/animalgarden/redpanda/mob/goals/ModMeleeAttackGoal,canUse,()Z,130,invokevirtual,navigation,net/minecraft/world/entity/ai/navigation/PathNavigation,createPath,(Lnet/minecraft/world/entity/Entity;I)Lnet/minecraft/world/level/pathfinder/Path;,entity,True,True,False,True,direct,every_tick,Goal.canUse,False,False,False,
animalgarden_redpanda,1.1.3,mods/animalgarden_redpanda-1.1.3-fabric-26.1.2-0.145.4.jar,aquariusplayz/animalgarden/redpanda/mob/goals/ModMeleeAttackGoal,canUse,()Z,181,invokevirtual,navigation,net/minecraft/world/entity/ai/navigation/PathNavigation,createPath,(Lnet/minecraft/world/entity/Entity;I)Lnet/minecraft/world/level/pathfinder/Path;,entity,True,True,False,True,direct,every_tick,Goal.canUse,False,False,False,
animalgarden_redpanda,1.1.3,mods/animalgarden_redpanda-1.1.3-fabric-26.1.2-0.145.4.jar,aquariusplayz/animalgarden/redpanda/mob/goals/ModMeleeAttackGoal,start,()V,15,invokevirtual,navigation,net/minecraft/world/entity/ai/navigation/PathNavigation,moveTo,(Lnet/minecraft/world/level/pathfinder/Path;D)Z,path,False,False,False,True,direct,on_start,Goal.start,False,False,False,
animalgarden_redpanda,1.1.3,mods/animalgarden_redpanda-1.1.3-fabric-26.1.2-0.145.4.jar,aquariusplayz/animalgarden/redpanda/mob/goals/ModMeleeAttackGoal,tick,()V,353,invokevirtual,navigation,net/minecraft/world/entity/ai/navigation/PathNavigation,moveTo,(Lnet/minecraft/world/entity/Entity;D)Z,entity,True,True,False,True,direct,every_tick,Goal.tick,True,True,False,
animalgarden_redpanda,1.1.3,mods/animalgarden_redpanda-1.1.3-fabric-26.1.2-0.145.4.jar,aquariusplayz/animalgarden/redpanda/mob/goals/ModTemptGoal,navigateTowards,(Lnet/minecraft/world/entity/player/Player;)V,12,invokevirtual,navigation,net/minecraft/world/entity/ai/navigation/PathNavigation,moveTo,(Lnet/minecraft/world/entity/Entity;D)Z,entity,True,True,False,True,same_class,every_tick,via tick <- Goal.tick,False,False,False,
animalgarden_seaotter,1.1.1,mods/animalgarden-seaotter-1.1.1-fabric-26.2-0.152.2.jar,aquariusplayz/animalgarden/seaotter/mob/goals/ModBreedGoal,tick,()V,39,invokevirtual,navigation,net/minecraft/world/entity/ai/navigation/PathNavigation,moveTo,(Lnet/minecraft/world/entity/Entity;D)Z,entity,True,True,False,True,direct,every_tick,Goal.tick,False,True,False,
animalgarden_seaotter,1.1.1,mods/animalgarden-seaotter-1.1.1-fabric-26.2-0.152.2.jar,aquariusplayz/animalgarden/seaotter/mob/goals/ModEatGoal,canUse,()Z,110,invokevirtual,navigation,net/minecraft/world/entity/ai/navigation/PathNavigation,createPath,(Lnet/minecraft/world/entity/Entity;I)Lnet/minecraft/world/level/pathfinder/Path;,entity,True,True,False,True,direct,every_tick,Goal.canUse,False,False,False,
animalgarden_seaotter,1.1.1,mods/animalgarden-seaotter-1.1.1-fabric-26.2-0.152.2.jar,aquariusplayz/animalgarden/seaotter/mob/goals/ModEatGoal,canUse,()Z,161,invokevirtual,navigation,net/minecraft/world/entity/ai/navigation/PathNavigation,createPath,(Lnet/minecraft/world/entity/Entity;I)Lnet/minecraft/world/level/pathfinder/Path;,entity,True,True,False,True,direct,every_tick,Goal.canUse,False,False,False,
animalgarden_seaotter,1.1.1,mods/animalgarden-seaotter-1.1.1-fabric-26.2-0.152.2.jar,aquariusplayz/animalgarden/seaotter/mob/goals/ModEatGoal,start,()V,23,invokevirtual,navigation,net/minecraft/world/entity/ai/navigation/PathNavigation,moveTo,(Lnet/minecraft/world/level/pathfinder/Path;D)Z,path,False,False,False,True,direct,on_start,Goal.start,False,False,False,
animalgarden_seaotter,1.1.1,mods/animalgarden-seaotter-1.1.1-fabric-26.2-0.152.2.jar,aquariusplayz/animalgarden/seaotter/mob/goals/ModEatGoal,tick,()V,353,invokevirtual,navigation,net/minecraft/world/entity/ai/navigation/PathNavigation,moveTo,(Lnet/minecraft/world/entity/Entity;D)Z,entity,True,True,False,True,direct,every_tick,Goal.tick,True,True,False,
animalgarden_seaotter,1.1.1,mods/animalgarden-seaotter-1.1.1-fabric-26.2-0.152.2.jar,aquariusplayz/animalgarden/seaotter/mob/goals/ModFollowLeaderGoal,tick,()V,110,invokevirtual,navigation,net/minecraft/world/entity/ai/navigation/PathNavigation,moveTo,(Lnet/minecraft/world/entity/Entity;D)Z,entity,True,True,False,True,direct,every_tick,Goal.tick,False,True,False,
animalgarden_seaotter,1.1.1,mods/animalgarden-seaotter-1.1.1-fabric-26.2-0.152.2.jar,aquariusplayz/animalgarden/seaotter/mob/goals/ModFollowOwnerGoal,tick,()V,121,invokevirtual,navigation,net/minecraft/world/entity/ai/navigation/PathNavigation,moveTo,(Lnet/minecraft/world/entity/Entity;D)Z,entity,True,True,False,True,direct,every_tick,Goal.tick,False,True,False,
animalgarden_seaotter,1.1.1,mods/animalgarden-seaotter-1.1.1-fabric-26.2-0.152.2.jar,aquariusplayz/animalgarden/seaotter/mob/goals/ModFollowParentGoal,tick,()V,64,invokevirtual,navigation,net/minecraft/world/entity/ai/navigation/PathNavigation,moveTo,(Lnet/minecraft/world/entity/Entity;D)Z,entity,True,True,False,True,direct,every_tick,Goal.tick,False,True,False,
animalgarden_seaotter,1.1.1,mods/animalgarden-seaotter-1.1.1-fabric-26.2-0.152.2.jar,aquariusplayz/animalgarden/seaotter/mob/goals/ModMeleeAttackGoal,canUse,()Z,136,invokevirtual,navigation,net/minecraft/world/entity/ai/navigation/PathNavigation,createPath,(Lnet/minecraft/world/entity/Entity;I)Lnet/minecraft/world/level/pathfinder/Path;,entity,True,True,False,True,direct,every_tick,Goal.canUse,False,False,False,
animalgarden_seaotter,1.1.1,mods/animalgarden-seaotter-1.1.1-fabric-26.2-0.152.2.jar,aquariusplayz/animalgarden/seaotter/mob/goals/ModMeleeAttackGoal,canUse,()Z,187,invokevirtual,navigation,net/minecraft/world/entity/ai/navigation/PathNavigation,createPath,(Lnet/minecraft/world/entity/Entity;I)Lnet/minecraft/world/level/pathfinder/Path;,entity,True,True,False,True,direct,every_tick,Goal.canUse,False,False,False,
animalgarden_seaotter,1.1.1,mods/animalgarden-seaotter-1.1.1-fabric-26.2-0.152.2.jar,aquariusplayz/animalgarden/seaotter/mob/goals/ModMeleeAttackGoal,start,()V,15,invokevirtual,navigation,net/minecraft/world/entity/ai/navigation/PathNavigation,moveTo,(Lnet/minecraft/world/level/pathfinder/Path;D)Z,path,False,False,False,True,direct,on_start,Goal.start,False,False,False,
animalgarden_seaotter,1.1.1,mods/animalgarden-seaotter-1.1.1-fabric-26.2-0.152.2.jar,aquariusplayz/animalgarden/seaotter/mob/goals/ModMeleeAttackGoal,tick,()V,353,invokevirtual,navigation,net/minecraft/world/entity/ai/navigation/PathNavigation,moveTo,(Lnet/minecraft/world/entity/Entity;D)Z,entity,True,True,False,True,direct,every_tick,Goal.tick,True,True,False,
animalgarden_seaotter,1.1.1,mods/animalgarden-seaotter-1.1.1-fabric-26.2-0.152.2.jar,aquariusplayz/animalgarden/seaotter/mob/goals/ModPanicGoal,start,()V,23,invokevirtual,navigation,net/minecraft/world/entity/ai/navigation/PathNavigation,moveTo,(DDDD)Z,coords,False,True,False,True,direct,on_start,Goal.start,False,False,False,
animalgarden_seaotter,1.1.1,mods/animalgarden-seaotter-1.1.1-fabric-26.2-0.152.2.jar,aquariusplayz/animalgarden/seaotter/mob/goals/ModTemptGoal,navigateTowards,(Lnet/minecraft/world/entity/player/Player;)V,12,invokevirtual,navigation,net/minecraft/world/entity/ai/navigation/PathNavigation,moveTo,(Lnet/minecraft/world/entity/Entity;D)Z,entity,True,True,False,True,same_class,every_tick,via tick <- Goal.tick,False,False,False,
animalgarden_snowleopard,1.0.1,mods/animalgarden-snowleopard-1.0.1-fabric-26.1.1-0.145.3.jar,aquariusplayz/animalgarden/snowleopard/mob/ModMob,runBehaviorsOnServer,(Lnet/minecraft/server/level/ServerLevel;)V,824,invokevirtual,navigation,net/minecraft/world/entity/ai/navigation/PathNavigation,moveTo,(DDDD)Z,coords,False,True,False,True,cross_class,every_tick,via DefaultTamableAnimal#aiStep <- Entity.aiStep,True,True,False,
animalgarden_snowleopard,1.0.1,mods/animalgarden-snowleopard-1.0.1-fabric-26.1.1-0.145.3.jar,aquariusplayz/animalgarden/snowleopard/mob/controls/ModWallClimberNavigation,createPath,(Lnet/minecraft/core/BlockPos;I)Lnet/minecraft/world/level/pathfinder/Path;,8,invokespecial,navigation,net/minecraft/world/entity/ai/navigation/GroundPathNavigation,createPath,(Lnet/minecraft/core/BlockPos;I)Lnet/minecraft/world/level/pathfinder/Path;,blockpos,False,True,True,False,,,,False,False,False,
animalgarden_snowleopard,1.0.1,mods/animalgarden-snowleopard-1.0.1-fabric-26.1.1-0.145.3.jar,aquariusplayz/animalgarden/snowleopard/mob/controls/ModWallClimberNavigation,createPath,(Lnet/minecraft/world/entity/Entity;I)Lnet/minecraft/world/level/pathfinder/Path;,11,invokespecial,navigation,net/minecraft/world/entity/ai/navigation/GroundPathNavigation,createPath,(Lnet/minecraft/world/entity/Entity;I)Lnet/minecraft/world/level/pathfinder/Path;,entity,True,True,True,False,,,,False,False,False,
animalgarden_snowleopard,1.0.1,mods/animalgarden-snowleopard-1.0.1-fabric-26.1.1-0.145.3.jar,aquariusplayz/animalgarden/snowleopard/mob/controls/ModWallClimberNavigation,moveTo,(Lnet/minecraft/world/entity/Entity;D)Z,3,invokevirtual,navigation,aquariusplayz/animalgarden/snowleopard/mob/controls/ModWallClimberNavigation,createPath,(Lnet/minecraft/world/entity/Entity;I)Lnet/minecraft/world/level/pathfinder/Path;,entity,True,True,True,False,,,,False,False,False,
animalgarden_snowleopard,1.0.1,mods/animalgarden-snowleopard-1.0.1-fabric-26.1.1-0.145.3.jar,aquariusplayz/animalgarden/snowleopard/mob/controls/ModWallClimberNavigation,moveTo,(Lnet/minecraft/world/entity/Entity;D)Z,17,invokevirtual,navigation,aquariusplayz/animalgarden/snowleopard/mob/controls/ModWallClimberNavigation,moveTo,(Lnet/minecraft/world/level/pathfinder/Path;D)Z,path,False,False,True,False,,,,False,False,False,
animalgarden_spottedhyena,1.1.1,mods/animalgarden_spottedhyena-1.1.1-fabric-26.2-0.152.2.jar,aquariusplayz/animalgarden/spottedhyena/mob/goals/ModBreedGoal,tick,()V,39,invokevirtual,navigation,net/minecraft/world/entity/ai/navigation/PathNavigation,moveTo,(Lnet/minecraft/world/entity/Entity;D)Z,entity,True,True,False,True,direct,every_tick,Goal.tick,False,True,False,
animalgarden_spottedhyena,1.1.1,mods/animalgarden_spottedhyena-1.1.1-fabric-26.2-0.152.2.jar,aquariusplayz/animalgarden/spottedhyena/mob/goals/ModEatGoal,canUse,()Z,116,invokevirtual,navigation,net/minecraft/world/entity/ai/navigation/PathNavigation,createPath,(Lnet/minecraft/world/entity/Entity;I)Lnet/minecraft/world/level/pathfinder/Path;,entity,True,True,False,True,direct,every_tick,Goal.canUse,False,False,False,
animalgarden_spottedhyena,1.1.1,mods/animalgarden_spottedhyena-1.1.1-fabric-26.2-0.152.2.jar,aquariusplayz/animalgarden/spottedhyena/mob/goals/ModEatGoal,canUse,()Z,167,invokevirtual,navigation,net/minecraft/world/entity/ai/navigation/PathNavigation,createPath,(Lnet/minecraft/world/entity/Entity;I)Lnet/minecraft/world/level/pathfinder/Path;,entity,True,True,False,True,direct,every_tick,Goal.canUse,False,False,False,
animalgarden_spottedhyena,1.1.1,mods/animalgarden_spottedhyena-1.1.1-fabric-26.2-0.152.2.jar,aquariusplayz/animalgarden/spottedhyena/mob/goals/ModEatGoal,start,()V,124,invokevirtual,navigation,net/minecraft/world/entity/ai/navigation/PathNavigation,moveTo,(Lnet/minecraft/world/level/pathfinder/Path;D)Z,path,False,False,False,True,direct,on_start,Goal.start,False,False,False,
animalgarden_spottedhyena,1.1.1,mods/animalgarden_spottedhyena-1.1.1-fabric-26.2-0.152.2.jar,aquariusplayz/animalgarden/spottedhyena/mob/goals/ModEatGoal,tick,()V,539,invokevirtual,navigation,net/minecraft/world/entity/ai/navigation/PathNavigation,moveTo,(Lnet/minecraft/world/entity/Entity;D)Z,entity,True,True,False,True,direct,every_tick,Goal.tick,True,True,False,
animalgarden_spottedhyena,1.1.1,mods/animalgarden_spottedhyena-1.1.1-fabric-26.2-0.152.2.jar,aquariusplayz/animalgarden/spottedhyena/mob/goals/ModFollowParentGoal,tick,()V,39,invokevirtual,navigation,net/minecraft/world/entity/ai/navigation/PathNavigation,moveTo,(Lnet/minecraft/world/entity/Entity;D)Z,entity,True,True,False,True,direct,every_tick,Goal.tick,False,True,False,
animalgarden_spottedhyena,1.1.1,mods/animalgarden_spottedhyena-1.1.1-fabric-26.2-0.152.2.jar,aquariusplayz/animalgarden/spottedhyena/mob/goals/ModMeleeAttackGoal,canUse,()Z,116,invokevirtual,navigation,net/minecraft/world/entity/ai/navigation/PathNavigation,createPath,(Lnet/minecraft/world/entity/Entity;I)Lnet/minecraft/world/level/pathfinder/Path;,entity,True,True,False,True,direct,every_tick,Goal.canUse,False,False,False,
animalgarden_spottedhyena,1.1.1,mods/animalgarden_spottedhyena-1.1.1-fabric-26.2-0.152.2.jar,aquariusplayz/animalgarden/spottedhyena/mob/goals/ModMeleeAttackGoal,canUse,()Z,167,invokevirtual,navigation,net/minecraft/world/entity/ai/navigation/PathNavigation,createPath,(Lnet/minecraft/world/entity/Entity;I)Lnet/minecraft/world/level/pathfinder/Path;,entity,True,True,False,True,direct,every_tick,Goal.canUse,False,False,False,
animalgarden_spottedhyena,1.1.1,mods/animalgarden_spottedhyena-1.1.1-fabric-26.2-0.152.2.jar,aquariusplayz/animalgarden/spottedhyena/mob/goals/ModMeleeAttackGoal,start,()V,124,invokevirtual,navigation,net/minecraft/world/entity/ai/navigation/PathNavigation,moveTo,(Lnet/minecraft/world/level/pathfinder/Path;D)Z,path,False,False,False,True,direct,on_start,Goal.start,False,False,False,
animalgarden_spottedhyena,1.1.1,mods/animalgarden_spottedhyena-1.1.1-fabric-26.2-0.152.2.jar,aquariusplayz/animalgarden/spottedhyena/mob/goals/ModMeleeAttackGoal,tick,()V,539,invokevirtual,navigation,net/minecraft/world/entity/ai/navigation/PathNavigation,moveTo,(Lnet/minecraft/world/entity/Entity;D)Z,entity,True,True,False,True,direct,every_tick,Goal.tick,True,True,False,
animalgarden_spottedhyena,1.1.1,mods/animalgarden_spottedhyena-1.1.1-fabric-26.2-0.152.2.jar,aquariusplayz/animalgarden/spottedhyena/mob/goals/ModTemptGoal,navigateTowards,(Lnet/minecraft/world/entity/player/Player;)V,12,invokevirtual,navigation,net/minecraft/world/entity/ai/navigation/PathNavigation,moveTo,(Lnet/minecraft/world/entity/Entity;D)Z,entity,True,True,False,True,same_class,every_tick,via tick <- Goal.tick,False,False,False,
animalgarden_sugarglider,1.0.2,mods/animalgarden_sugarglider-1.0.2-fabric-26.2-0.152.2.jar,aquariusplayz/animalgarden/sugarglider/mob/ModMob,pathToLeader,()V,16,invokevirtual,navigation,net/minecraft/world/entity/ai/navigation/PathNavigation,moveTo,(Lnet/minecraft/world/entity/Entity;D)Z,entity,True,True,False,True,cross_class,every_tick,via ModFollowGroupLeaderGoal#tick <- Goal.tick,False,False,False,
animalgarden_sugarglider,1.0.2,mods/animalgarden_sugarglider-1.0.2-fabric-26.2-0.152.2.jar,aquariusplayz/animalgarden/sugarglider/mob/controls/ModWallClimberNavigation,createPath,(Lnet/minecraft/core/BlockPos;I)Lnet/minecraft/world/level/pathfinder/Path;,8,invokespecial,navigation,net/minecraft/world/entity/ai/navigation/WallClimberNavigation,createPath,(Lnet/minecraft/core/BlockPos;I)Lnet/minecraft/world/level/pathfinder/Path;,blockpos,False,True,True,False,,,,False,False,False,
animalgarden_sugarglider,1.0.2,mods/animalgarden_sugarglider-1.0.2-fabric-26.2-0.152.2.jar,aquariusplayz/animalgarden/sugarglider/mob/controls/ModWallClimberNavigation,createPath,(Lnet/minecraft/world/entity/Entity;I)Lnet/minecraft/world/level/pathfinder/Path;,11,invokespecial,navigation,net/minecraft/world/entity/ai/navigation/WallClimberNavigation,createPath,(Lnet/minecraft/world/entity/Entity;I)Lnet/minecraft/world/level/pathfinder/Path;,entity,True,True,True,True,cross_class,every_tick,via ModWallClimberNavigation#moveTo <- via ModMeleeAttackGoal#tick <- Goal.tick,False,False,False,
animalgarden_sugarglider,1.0.2,mods/animalgarden_sugarglider-1.0.2-fabric-26.2-0.152.2.jar,aquariusplayz/animalgarden/sugarglider/mob/controls/ModWallClimberNavigation,moveTo,(Lnet/minecraft/world/entity/Entity;D)Z,3,invokevirtual,navigation,aquariusplayz/animalgarden/sugarglider/mob/controls/ModWallClimberNavigation,createPath,(Lnet/minecraft/world/entity/Entity;I)Lnet/minecraft/world/level/pathfinder/Path;,entity,True,True,True,True,cross_class,every_tick,via ModMeleeAttackGoal#tick <- Goal.tick,False,False,False,
animalgarden_sugarglider,1.0.2,mods/animalgarden_sugarglider-1.0.2-fabric-26.2-0.152.2.jar,aquariusplayz/animalgarden/sugarglider/mob/controls/ModWallClimberNavigation,moveTo,(Lnet/minecraft/world/entity/Entity;D)Z,17,invokevirtual,navigation,aquariusplayz/animalgarden/sugarglider/mob/controls/ModWallClimberNavigation,moveTo,(Lnet/minecraft/world/level/pathfinder/Path;D)Z,path,False,False,True,True,cross_class,every_tick,via ModMeleeAttackGoal#tick <- Goal.tick,False,False,False,
animalgarden_sugarglider,1.0.2,mods/animalgarden_sugarglider-1.0.2-fabric-26.2-0.152.2.jar,aquariusplayz/animalgarden/sugarglider/mob/controls/ModWallClimberNavigation,tick,()V,25,invokevirtual,navigation,aquariusplayz/animalgarden/sugarglider/mob/controls/ModWallClimberNavigation,recomputePath,()V,current_target,False,True,True,True,direct,every_tick,PathNavigation.tick,True,False,False,
animalgarden_sugarglider,1.0.2,mods/animalgarden_sugarglider-1.0.2-fabric-26.2-0.152.2.jar,aquariusplayz/animalgarden/sugarglider/mob/goals/ModAvoidEntityGoal,canUse,()Z,198,invokevirtual,navigation,net/minecraft/world/entity/ai/navigation/PathNavigation,createPath,(DDDI)Lnet/minecraft/world/level/pathfinder/Path;,coords,False,True,False,True,direct,every_tick,Goal.canUse,False,False,False,
animalgarden_sugarglider,1.0.2,mods/animalgarden_sugarglider-1.0.2-fabric-26.2-0.152.2.jar,aquariusplayz/animalgarden/sugarglider/mob/goals/ModAvoidEntityGoal,start,()V,12,invokevirtual,navigation,net/minecraft/world/entity/ai/navigation/PathNavigation,moveTo,(Lnet/minecraft/world/level/pathfinder/Path;D)Z,path,False,False,False,True,direct,on_start,Goal.start,False,False,False,
animalgarden_sugarglider,1.0.2,mods/animalgarden_sugarglider-1.0.2-fabric-26.2-0.152.2.jar,aquariusplayz/animalgarden/sugarglider/mob/goals/ModBreedGoal,tick,()V,39,invokevirtual,navigation,net/minecraft/world/entity/ai/navigation/PathNavigation,moveTo,(Lnet/minecraft/world/entity/Entity;D)Z,entity,True,True,False,True,direct,every_tick,Goal.tick,False,True,False,
animalgarden_sugarglider,1.0.2,mods/animalgarden_sugarglider-1.0.2-fabric-26.2-0.152.2.jar,aquariusplayz/animalgarden/sugarglider/mob/goals/ModFollowOwnerGoal,tick,()V,103,invokevirtual,navigation,net/minecraft/world/entity/ai/navigation/PathNavigation,moveTo,(Lnet/minecraft/world/entity/Entity;D)Z,entity,True,True,False,True,direct,every_tick,Goal.tick,False,True,False,
animalgarden_sugarglider,1.0.2,mods/animalgarden_sugarglider-1.0.2-fabric-26.2-0.152.2.jar,aquariusplayz/animalgarden/sugarglider/mob/goals/ModFollowParentGoal,tick,()V,39,invokevirtual,navigation,net/minecraft/world/entity/ai/navigation/PathNavigation,moveTo,(Lnet/minecraft/world/entity/Entity;D)Z,entity,True,True,False,True,direct,every_tick,Goal.tick,False,True,False,
animalgarden_sugarglider,1.0.2,mods/animalgarden_sugarglider-1.0.2-fabric-26.2-0.152.2.jar,aquariusplayz/animalgarden/sugarglider/mob/goals/ModGoBackHomeGoal,tick,()V,75,invokevirtual,navigation,net/minecraft/world/entity/ai/navigation/PathNavigation,moveTo,(DDDD)Z,coords,False,True,False,True,direct,every_tick,Goal.tick,False,True,False,
animalgarden_sugarglider,1.0.2,mods/animalgarden_sugarglider-1.0.2-fabric-26.2-0.152.2.jar,aquariusplayz/animalgarden/sugarglider/mob/goals/ModMeleeAttackGoal,canUse,()Z,98,invokevirtual,navigation,net/minecraft/world/entity/ai/navigation/PathNavigation,createPath,(Lnet/minecraft/world/entity/Entity;I)Lnet/minecraft/world/level/pathfinder/Path;,entity,True,True,False,True,direct,every_tick,Goal.canUse,False,False,False,
animalgarden_sugarglider,1.0.2,mods/animalgarden_sugarglider-1.0.2-fabric-26.2-0.152.2.jar,aquariusplayz/animalgarden/sugarglider/mob/goals/ModMeleeAttackGoal,canUse,()Z,149,invokevirtual,navigation,net/minecraft/world/entity/ai/navigation/PathNavigation,createPath,(Lnet/minecraft/world/entity/Entity;I)Lnet/minecraft/world/level/pathfinder/Path;,entity,True,True,False,True,direct,every_tick,Goal.canUse,False,False,False,
animalgarden_sugarglider,1.0.2,mods/animalgarden_sugarglider-1.0.2-fabric-26.2-0.152.2.jar,aquariusplayz/animalgarden/sugarglider/mob/goals/ModMeleeAttackGoal,start,()V,15,invokevirtual,navigation,net/minecraft/world/entity/ai/navigation/PathNavigation,moveTo,(Lnet/minecraft/world/level/pathfinder/Path;D)Z,path,False,False,False,True,direct,on_start,Goal.start,False,False,False,
animalgarden_sugarglider,1.0.2,mods/animalgarden_sugarglider-1.0.2-fabric-26.2-0.152.2.jar,aquariusplayz/animalgarden/sugarglider/mob/goals/ModMeleeAttackGoal,tick,()V,353,invokevirtual,navigation,net/minecraft/world/entity/ai/navigation/PathNavigation,moveTo,(Lnet/minecraft/world/entity/Entity;D)Z,entity,True,True,False,True,direct,every_tick,Goal.tick,True,True,False,
animalgarden_sugarglider,1.0.2,mods/animalgarden_sugarglider-1.0.2-fabric-26.2-0.152.2.jar,aquariusplayz/animalgarden/sugarglider/mob/goals/ModPanicGoal,start,()V,23,invokevirtual,navigation,net/minecraft/world/entity/ai/navigation/PathNavigation,moveTo,(DDDD)Z,coords,False,True,False,True,direct,on_start,Goal.start,False,False,False,
animalgarden_westerngorilla,1.0.1,mods/animalgarden_westerngorilla-1.0.1-fabric-26.1.2-0.145.4.jar,aquariusplayz/animalgarden/westerngorilla/mob/ModMob,aiStep,()V,558,invokevirtual,navigation,net/minecraft/world/entity/ai/navigation/PathNavigation,moveTo,(DDDD)Z,coords,False,True,False,True,direct,every_tick,Entity.aiStep,True,True,False,
animalgarden_westerngorilla,1.0.1,mods/animalgarden_westerngorilla-1.0.1-fabric-26.1.2-0.145.4.jar,aquariusplayz/animalgarden/westerngorilla/mob/ModMob,behaviorOnServerSide,()V,1387,invokevirtual,navigation,net/minecraft/world/entity/ai/navigation/PathNavigation,moveTo,(DDDD)Z,coords,False,True,False,True,same_class,every_tick,via aiStep <- Entity.aiStep,True,True,False,
animalgarden_westerngorilla,1.0.1,mods/animalgarden_westerngorilla-1.0.1-fabric-26.1.2-0.145.4.jar,aquariusplayz/animalgarden/westerngorilla/mob/ModMob,behaviorOnServerSide,()V,1491,invokevirtual,navigation,net/minecraft/world/entity/ai/navigation/PathNavigation,moveTo,(DDDD)Z,coords,False,True,False,True,same_class,every_tick,via aiStep <- Entity.aiStep,True,True,False,
animalgarden_westerngorilla,1.0.1,mods/animalgarden_westerngorilla-1.0.1-fabric-26.1.2-0.145.4.jar,aquariusplayz/animalgarden/westerngorilla/mob/goals/ModBreedGoal,tick,()V,39,invokevirtual,navigation,net/minecraft/world/entity/ai/navigation/PathNavigation,moveTo,(Lnet/minecraft/world/entity/Entity;D)Z,entity,True,True,False,True,direct,every_tick,Goal.tick,False,True,False,
animalgarden_westerngorilla,1.0.1,mods/animalgarden_westerngorilla-1.0.1-fabric-26.1.2-0.145.4.jar,aquariusplayz/animalgarden/westerngorilla/mob/goals/ModFollowMaleGoal,tick,()V,39,invokevirtual,navigation,net/minecraft/world/entity/ai/navigation/PathNavigation,moveTo,(Lnet/minecraft/world/entity/Entity;D)Z,entity,True,True,False,True,direct,every_tick,Goal.tick,False,True,False,
animalgarden_westerngorilla,1.0.1,mods/animalgarden_westerngorilla-1.0.1-fabric-26.1.2-0.145.4.jar,aquariusplayz/animalgarden/westerngorilla/mob/goals/ModFollowParentGoal,tick,()V,39,invokevirtual,navigation,net/minecraft/world/entity/ai/navigation/PathNavigation,moveTo,(Lnet/minecraft/world/entity/Entity;D)Z,entity,True,True,False,True,direct,every_tick,Goal.tick,False,True,False,
animalgarden_westerngorilla,1.0.1,mods/animalgarden_westerngorilla-1.0.1-fabric-26.1.2-0.145.4.jar,aquariusplayz/animalgarden/westerngorilla/mob/goals/ModMeleeAttackGoal,canUse,()Z,126,invokevirtual,navigation,net/minecraft/world/entity/ai/navigation/PathNavigation,createPath,(Lnet/minecraft/world/entity/Entity;I)Lnet/minecraft/world/level/pathfinder/Path;,entity,True,True,False,True,direct,every_tick,Goal.canUse,False,False,False,
animalgarden_westerngorilla,1.0.1,mods/animalgarden_westerngorilla-1.0.1-fabric-26.1.2-0.145.4.jar,aquariusplayz/animalgarden/westerngorilla/mob/goals/ModMeleeAttackGoal,canUse,()Z,177,invokevirtual,navigation,net/minecraft/world/entity/ai/navigation/PathNavigation,createPath,(Lnet/minecraft/world/entity/Entity;I)Lnet/minecraft/world/level/pathfinder/Path;,entity,True,True,False,True,direct,every_tick,Goal.canUse,False,False,False,
animalgarden_westerngorilla,1.0.1,mods/animalgarden_westerngorilla-1.0.1-fabric-26.1.2-0.145.4.jar,aquariusplayz/animalgarden/westerngorilla/mob/goals/ModMeleeAttackGoal,start,()V,15,invokevirtual,navigation,net/minecraft/world/entity/ai/navigation/PathNavigation,moveTo,(Lnet/minecraft/world/level/pathfinder/Path;D)Z,path,False,False,False,True,direct,on_start,Goal.start,False,False,False,
animalgarden_westerngorilla,1.0.1,mods/animalgarden_westerngorilla-1.0.1-fabric-26.1.2-0.145.4.jar,aquariusplayz/animalgarden/westerngorilla/mob/goals/ModMeleeAttackGoal,tick,()V,360,invokevirtual,navigation,net/minecraft/world/entity/ai/navigation/PathNavigation,moveTo,(Lnet/minecraft/world/entity/Entity;D)Z,entity,True,True,False,True,direct,every_tick,Goal.tick,True,True,False,
animalgarden_westerngorilla,1.0.1,mods/animalgarden_westerngorilla-1.0.1-fabric-26.1.2-0.145.4.jar,aquariusplayz/animalgarden/westerngorilla/mob/goals/ModPanicGoal,start,()V,23,invokevirtual,navigation,net/minecraft/world/entity/ai/navigation/PathNavigation,moveTo,(DDDD)Z,coords,False,True,False,True,direct,on_start,Goal.start,False,False,False,
animalgarden_whiterhinoceros,1.0.1,mods/animalgarden_whiterhinoceros-1.0.1-fabric-26.1.1-0.145.4.jar,aquariusplayz/animalgarden/whiterhinoceros/mob/goals/ModBreedGoal,tick,()V,39,invokevirtual,navigation,net/minecraft/world/entity/ai/navigation/PathNavigation,moveTo,(Lnet/minecraft/world/entity/Entity;D)Z,entity,True,True,False,True,direct,every_tick,Goal.tick,False,True,False,
animalgarden_whiterhinoceros,1.0.1,mods/animalgarden_whiterhinoceros-1.0.1-fabric-26.1.1-0.145.4.jar,aquariusplayz/animalgarden/whiterhinoceros/mob/goals/ModFollowMotherParentGoal,tick,()V,39,invokevirtual,navigation,net/minecraft/world/entity/ai/navigation/PathNavigation,moveTo,(Lnet/minecraft/world/entity/Entity;D)Z,entity,True,True,False,True,direct,every_tick,Goal.tick,False,True,False,
animalgarden_whiterhinoceros,1.0.1,mods/animalgarden_whiterhinoceros-1.0.1-fabric-26.1.1-0.145.4.jar,aquariusplayz/animalgarden/whiterhinoceros/mob/goals/ModMeleeAttackGoal,canUse,()Z,135,invokevirtual,navigation,net/minecraft/world/entity/ai/navigation/PathNavigation,createPath,(Lnet/minecraft/world/entity/Entity;I)Lnet/minecraft/world/level/pathfinder/Path;,entity,True,True,False,True,direct,every_tick,Goal.canUse,False,False,False,
animalgarden_whiterhinoceros,1.0.1,mods/animalgarden_whiterhinoceros-1.0.1-fabric-26.1.1-0.145.4.jar,aquariusplayz/animalgarden/whiterhinoceros/mob/goals/ModMeleeAttackGoal,canUse,()Z,186,invokevirtual,navigation,net/minecraft/world/entity/ai/navigation/PathNavigation,createPath,(Lnet/minecraft/world/entity/Entity;I)Lnet/minecraft/world/level/pathfinder/Path;,entity,True,True,False,True,direct,every_tick,Goal.canUse,False,False,False,
animalgarden_whiterhinoceros,1.0.1,mods/animalgarden_whiterhinoceros-1.0.1-fabric-26.1.1-0.145.4.jar,aquariusplayz/animalgarden/whiterhinoceros/mob/goals/ModMeleeAttackGoal,start,()V,15,invokevirtual,navigation,net/minecraft/world/entity/ai/navigation/PathNavigation,moveTo,(Lnet/minecraft/world/level/pathfinder/Path;D)Z,path,False,False,False,True,direct,on_start,Goal.start,False,False,False,
animalgarden_whiterhinoceros,1.0.1,mods/animalgarden_whiterhinoceros-1.0.1-fabric-26.1.1-0.145.4.jar,aquariusplayz/animalgarden/whiterhinoceros/mob/goals/ModMeleeAttackGoal,tick,()V,353,invokevirtual,navigation,net/minecraft/world/entity/ai/navigation/PathNavigation,moveTo,(Lnet/minecraft/world/entity/Entity;D)Z,entity,True,True,False,True,direct,every_tick,Goal.tick,True,True,False,
animalgarden_whiterhinoceros,1.0.1,mods/animalgarden_whiterhinoceros-1.0.1-fabric-26.1.1-0.145.4.jar,aquariusplayz/animalgarden/whiterhinoceros/mob/goals/ModPanicGoal,start,()V,23,invokevirtual,navigation,net/minecraft/world/entity/ai/navigation/PathNavigation,moveTo,(DDDD)Z,coords,False,True,False,True,direct,on_start,Goal.start,False,False,False,
aquarius_libs,1.2.0,mods/aquarius_libs-1.2.0-fabric-26.2-0.152.1.jar,aquariusplayz/libs/entity/goals/DefaultAvoidEntityGoal,canUse,()Z,200,invokevirtual,navigation,net/minecraft/world/entity/ai/navigation/PathNavigation,createPath,(DDDI)Lnet/minecraft/world/level/pathfinder/Path;,coords,False,True,False,True,direct,every_tick,Goal.canUse,False,False,False,
aquarius_libs,1.2.0,mods/aquarius_libs-1.2.0-fabric-26.2-0.152.1.jar,aquariusplayz/libs/entity/goals/DefaultAvoidEntityGoal,start,()V,12,invokevirtual,navigation,net/minecraft/world/entity/ai/navigation/PathNavigation,moveTo,(Lnet/minecraft/world/level/pathfinder/Path;D)Z,path,False,False,False,True,direct,on_start,Goal.start,False,False,False,
aquarius_libs,1.2.0,mods/aquarius_libs-1.2.0-fabric-26.2-0.152.1.jar,aquariusplayz/libs/entity/goals/DefaultBreedGoal,tick,()V,39,invokevirtual,navigation,net/minecraft/world/entity/ai/navigation/PathNavigation,moveTo,(Lnet/minecraft/world/entity/Entity;D)Z,entity,True,True,False,True,direct,every_tick,Goal.tick,False,True,False,
aquarius_libs,1.2.0,mods/aquarius_libs-1.2.0-fabric-26.2-0.152.1.jar,aquariusplayz/libs/entity/goals/DefaultFollowGenderGoal,tick,()V,39,invokevirtual,navigation,net/minecraft/world/entity/ai/navigation/PathNavigation,moveTo,(Lnet/minecraft/world/entity/Entity;D)Z,entity,True,True,False,True,direct,every_tick,Goal.tick,False,True,False,
aquarius_libs,1.2.0,mods/aquarius_libs-1.2.0-fabric-26.2-0.152.1.jar,aquariusplayz/libs/entity/goals/DefaultFollowParentGoal,tick,()V,39,invokevirtual,navigation,net/minecraft/world/entity/ai/navigation/PathNavigation,moveTo,(Lnet/minecraft/world/entity/Entity;D)Z,entity,True,True,False,True,direct,every_tick,Goal.tick,False,True,False,
aquarius_libs,1.2.0,mods/aquarius_libs-1.2.0-fabric-26.2-0.152.1.jar,aquariusplayz/libs/entity/goals/DefaultMeleeAttackGoal,canUse,()Z,157,invokevirtual,navigation,net/minecraft/world/entity/ai/navigation/PathNavigation,createPath,(Lnet/minecraft/world/entity/Entity;I)Lnet/minecraft/world/level/pathfinder/Path;,entity,True,True,False,True,direct,every_tick,Goal.canUse,False,False,False,
aquarius_libs,1.2.0,mods/aquarius_libs-1.2.0-fabric-26.2-0.152.1.jar,aquariusplayz/libs/entity/goals/DefaultMeleeAttackGoal,canUse,()Z,209,invokevirtual,navigation,net/minecraft/world/entity/ai/navigation/PathNavigation,createPath,(Lnet/minecraft/world/entity/Entity;I)Lnet/minecraft/world/level/pathfinder/Path;,entity,True,True,False,True,direct,every_tick,Goal.canUse,False,False,False,
aquarius_libs,1.2.0,mods/aquarius_libs-1.2.0-fabric-26.2-0.152.1.jar,aquariusplayz/libs/entity/goals/DefaultMeleeAttackGoal,start,()V,15,invokevirtual,navigation,net/minecraft/world/entity/ai/navigation/PathNavigation,moveTo,(Lnet/minecraft/world/level/pathfinder/Path;D)Z,path,False,False,False,True,direct,on_start,Goal.start,False,False,False,
aquarius_libs,1.2.0,mods/aquarius_libs-1.2.0-fabric-26.2-0.152.1.jar,aquariusplayz/libs/entity/goals/DefaultMeleeAttackGoal,tick,()V,353,invokevirtual,navigation,net/minecraft/world/entity/ai/navigation/PathNavigation,moveTo,(Lnet/minecraft/world/entity/Entity;D)Z,entity,True,True,False,True,direct,every_tick,Goal.tick,True,True,False,
aquarius_libs,1.2.0,mods/aquarius_libs-1.2.0-fabric-26.2-0.152.1.jar,aquariusplayz/libs/entity/goals/DefaultPanicGoal,start,()V,23,invokevirtual,navigation,net/minecraft/world/entity/ai/navigation/PathNavigation,moveTo,(DDDD)Z,coords,False,True,False,True,direct,on_start,Goal.start,False,False,False,
aquarius_libs,1.2.0,mods/aquarius_libs-1.2.0-fabric-26.2-0.152.1.jar,aquariusplayz/libs/entity/goals/DefaultWaterAvoidingRandomStrollGoal,start,()V,23,invokevirtual,navigation,net/minecraft/world/entity/ai/navigation/PathNavigation,moveTo,(DDDD)Z,coords,False,True,False,True,direct,on_start,Goal.start,False,False,False,
aquarius_libs,1.2.0,mods/aquarius_libs-1.2.0-fabric-26.2-0.152.1.jar,aquariusplayz/libs/entity/tamable/goals/DefaultTAFollowOwnerGoal,tick,()V,96,invokevirtual,navigation,net/minecraft/world/entity/ai/navigation/PathNavigation,moveTo,(Lnet/minecraft/world/entity/Entity;D)Z,entity,True,True,False,True,direct,every_tick,Goal.tick,False,True,False,
carpet,26.1+v260402,mods/fabric-carpet-26.1+v260402.jar,carpet/mixins/PathNavigation_pathfindingMixin,pathToBlock,(Lnet/minecraft/world/entity/ai/navigation/PathNavigation;Ljava/util/Set;IZI)Lnet/minecraft/world/level/pathfinder/Path;,13,invokevirtual,navigation,carpet/mixins/PathNavigation_pathfindingMixin,createPath,(Ljava/util/Set;IZI)Lnet/minecraft/world/level/pathfinder/Path;,blockpos_set,False,True,True,False,,,,False,False,False,net/minecraft/world/entity/ai/navigation/PathNavigation
carpet,26.1+v260402,mods/fabric-carpet-26.1+v260402.jar,carpet/mixins/PathNavigation_pathfindingMixin,pathToBlock,(Lnet/minecraft/world/entity/ai/navigation/PathNavigation;Ljava/util/Set;IZI)Lnet/minecraft/world/level/pathfinder/Path;,29,invokevirtual,navigation,carpet/mixins/PathNavigation_pathfindingMixin,createPath,(Ljava/util/Set;IZI)Lnet/minecraft/world/level/pathfinder/Path;,blockpos_set,False,True,True,False,,,,False,False,False,net/minecraft/world/entity/ai/navigation/PathNavigation
carpet,26.1+v260402,mods/fabric-carpet-26.1+v260402.jar,carpet/mixins/PathNavigation_pathfindingMixin,pathToEntity,(Lnet/minecraft/world/entity/ai/navigation/PathNavigation;Ljava/util/Set;IZI)Lnet/minecraft/world/level/pathfinder/Path;,13,invokevirtual,navigation,carpet/mixins/PathNavigation_pathfindingMixin,createPath,(Ljava/util/Set;IZI)Lnet/minecraft/world/level/pathfinder/Path;,blockpos_set,False,True,True,False,,,,False,False,False,net/minecraft/world/entity/ai/navigation/PathNavigation
carpet,26.1+v260402,mods/fabric-carpet-26.1+v260402.jar,carpet/mixins/PathNavigation_pathfindingMixin,pathToEntity,(Lnet/minecraft/world/entity/ai/navigation/PathNavigation;Ljava/util/Set;IZI)Lnet/minecraft/world/level/pathfinder/Path;,29,invokevirtual,navigation,carpet/mixins/PathNavigation_pathfindingMixin,createPath,(Ljava/util/Set;IZI)Lnet/minecraft/world/level/pathfinder/Path;,blockpos_set,False,True,True,False,,,,False,False,False,net/minecraft/world/entity/ai/navigation/PathNavigation
carpet,26.1+v260402,mods/fabric-carpet-26.1+v260402.jar,carpet/mixins/Villager_aiMixin,canReachHome,(Lnet/minecraft/world/entity/npc/villager/Villager;Lnet/minecraft/core/BlockPos;Lnet/minecraft/world/entity/ai/village/poi/PoiRecord;)Z,20,invokevirtual,navigation,net/minecraft/world/entity/ai/navigation/PathNavigation,createPath,(Lnet/minecraft/core/BlockPos;I)Lnet/minecraft/world/level/pathfinder/Path;,blockpos,False,True,False,False,,,,False,False,False,net/minecraft/world/entity/npc/villager/Villager
civil,1.4.0-release,mods/civillis-fabric-1.4.0-release+mc26.1-26.1.2.jar,civil/mob/FleeCivilizationGoal,navigateToTarget,()V,49,invokevirtual,navigation,net/minecraft/world/entity/ai/navigation/PathNavigation,moveTo,(DDDD)Z,coords,False,True,False,True,same_class,every_tick,via canContinueToUse <- Goal.canContinueToUse,False,False,False,
dasik-library,1.8.2,mods/dasik-library-1.8.2.jar,net/dasik/social/api/group/strategy/TerrestrialFlockingStrategy,execute,(Lnet/minecraft/world/entity/LivingEntity;Lnet/minecraft/world/entity/LivingEntity;Lnet/dasik/social/api/group/strategy/GroupParameters;)V,120,invokevirtual,navigation,net/minecraft/world/entity/ai/navigation/PathNavigation,moveTo,(Lnet/minecraft/world/entity/Entity;D)Z,entity,True,True,False,True,cross_class,every_tick,via FollowLeaderGoal#tick <- Goal.tick,True,False,False,
dasik-library,1.8.2,mods/dasik-library-1.8.2.jar,net/dasik/social/api/group/strategy/TerrestrialFlockingStrategy,execute,(Lnet/minecraft/world/entity/LivingEntity;Lnet/minecraft/world/entity/LivingEntity;Lnet/dasik/social/api/group/strategy/GroupParameters;)V,181,invokevirtual,navigation,net/minecraft/world/entity/ai/navigation/PathNavigation,moveTo,(Lnet/minecraft/world/entity/Entity;D)Z,entity,True,True,False,True,cross_class,every_tick,via FollowLeaderGoal#tick <- Goal.tick,True,False,False,
ecologics,2.5.3,mods/Ecologics-NeoFab-26.1.2-2.5.3.jar,samebutdifferent/ecologics/entity/Penguin$PenguinSearchForItemsGoal,start,()V,64,invokevirtual,navigation,net/minecraft/world/entity/ai/navigation/PathNavigation,moveTo,(Lnet/minecraft/world/entity/Entity;D)Z,entity,True,True,False,True,direct,on_start,Goal.start,False,False,False,
ecologics,2.5.3,mods/Ecologics-NeoFab-26.1.2-2.5.3.jar,samebutdifferent/ecologics/entity/Penguin$PenguinSearchForItemsGoal,tick,()V,82,invokevirtual,navigation,net/minecraft/world/entity/ai/navigation/PathNavigation,moveTo,(Lnet/minecraft/world/entity/Entity;D)Z,entity,True,True,False,True,direct,every_tick,Goal.tick,False,False,False,
ecologics,2.5.3,mods/Ecologics-NeoFab-26.1.2-2.5.3.jar,samebutdifferent/ecologics/entity/Squirrel$SquirrelPlantSaplingGoal,tick,()V,81,invokevirtual,navigation,net/minecraft/world/entity/ai/navigation/PathNavigation,moveTo,(DDDD)Z,coords,False,True,False,True,direct,every_tick,Goal.tick,False,False,False,
ecologics,2.5.3,mods/Ecologics-NeoFab-26.1.2-2.5.3.jar,samebutdifferent/ecologics/entity/Squirrel$SquirrelSearchForSaplingsGoal,start,()V,64,invokevirtual,navigation,net/minecraft/world/entity/ai/navigation/PathNavigation,moveTo,(Lnet/minecraft/world/entity/Entity;D)Z,entity,True,True,False,True,direct,on_start,Goal.start,False,False,False,
ecologics,2.5.3,mods/Ecologics-NeoFab-26.1.2-2.5.3.jar,samebutdifferent/ecologics/entity/Squirrel$SquirrelSearchForSaplingsGoal,tick,()V,82,invokevirtual,navigation,net/minecraft/world/entity/ai/navigation/PathNavigation,moveTo,(Lnet/minecraft/world/entity/Entity;D)Z,entity,True,True,False,True,direct,every_tick,Goal.tick,False,False,False,
ecologics,2.5.3,mods/Ecologics-NeoFab-26.1.2-2.5.3.jar,samebutdifferent/ecologics/entity/ai/navigation/BetterWallClimberNavigation,createPath,(Lnet/minecraft/core/BlockPos;I)Lnet/minecraft/world/level/pathfinder/Path;,8,invokespecial,navigation,net/minecraft/world/entity/ai/navigation/GroundPathNavigation,createPath,(Lnet/minecraft/core/BlockPos;I)Lnet/minecraft/world/level/pathfinder/Path;,blockpos,False,True,True,False,,,,False,False,False,
ecologics,2.5.3,mods/Ecologics-NeoFab-26.1.2-2.5.3.jar,samebutdifferent/ecologics/entity/ai/navigation/BetterWallClimberNavigation,createPath,(Lnet/minecraft/world/entity/Entity;I)Lnet/minecraft/world/level/pathfinder/Path;,11,invokespecial,navigation,net/minecraft/world/entity/ai/navigation/GroundPathNavigation,createPath,(Lnet/minecraft/world/entity/Entity;I)Lnet/minecraft/world/level/pathfinder/Path;,entity,True,True,True,True,cross_class,every_tick,via BetterWallClimberNavigation#moveTo <- via Squirrel$SquirrelSearchForSaplingsGoal#tick <- Goal.tick,False,False,False,
ecologics,2.5.3,mods/Ecologics-NeoFab-26.1.2-2.5.3.jar,samebutdifferent/ecologics/entity/ai/navigation/BetterWallClimberNavigation,moveTo,(Lnet/minecraft/world/entity/Entity;D)Z,3,invokevirtual,navigation,samebutdifferent/ecologics/entity/ai/navigation/BetterWallClimberNavigation,createPath,(Lnet/minecraft/world/entity/Entity;I)Lnet/minecraft/world/level/pathfinder/Path;,entity,True,True,True,True,cross_class,every_tick,via Squirrel$SquirrelSearchForSaplingsGoal#tick <- Goal.tick,False,False,False,
ecologics,2.5.3,mods/Ecologics-NeoFab-26.1.2-2.5.3.jar,samebutdifferent/ecologics/entity/ai/navigation/BetterWallClimberNavigation,moveTo,(Lnet/minecraft/world/entity/Entity;D)Z,17,invokevirtual,navigation,samebutdifferent/ecologics/entity/ai/navigation/BetterWallClimberNavigation,moveTo,(Lnet/minecraft/world/level/pathfinder/Path;D)Z,path,False,False,True,True,cross_class,every_tick,via Squirrel$SquirrelSearchForSaplingsGoal#tick <- Goal.tick,False,False,False,
enderzoology,26.1.0,mods/EnderZoology-v26.1.0-mc26.1.x-Fabric.jar,fuzs/enderzoology/common/world/entity/ai/goal/FollowMobOwnerGoal,tick,()V,39,invokevirtual,navigation,net/minecraft/world/entity/ai/navigation/PathNavigation,moveTo,(Lnet/minecraft/world/entity/Entity;D)Z,entity,True,True,False,True,direct,every_tick,Goal.tick,False,True,False,
enderzoology,26.1.0,mods/EnderZoology-v26.1.0-mc26.1.x-Fabric.jar,fuzs/enderzoology/common/world/entity/ai/goal/RangedBowEasyAttackGoal,tick,()V,162,invokevirtual,navigation,net/minecraft/world/entity/ai/navigation/PathNavigation,moveTo,(Lnet/minecraft/world/entity/Entity;D)Z,entity,True,True,False,True,direct,every_tick,Goal.tick,True,False,False,
enderzoology,26.1.0,mods/EnderZoology-v26.1.0-mc26.1.x-Fabric.jar,fuzs/enderzoology/common/world/entity/monster/DireWolf,pathToLeader,()V,16,invokevirtual,navigation,net/minecraft/world/entity/ai/navigation/PathNavigation,moveTo,(Lnet/minecraft/world/entity/Entity;D)Z,entity,True,True,False,True,cross_class,every_tick,via FollowPackLeaderGoal#tick <- Goal.tick,False,False,False,
enderzoology,26.1.0,mods/EnderZoology-v26.1.0-mc26.1.x-Fabric.jar,fuzs/enderzoology/common/world/entity/monster/DireWolf$SearchForItemsGoal,canUse,()Z,122,invokevirtual,navigation,net/minecraft/world/entity/ai/navigation/PathNavigation,createPath,(Lnet/minecraft/world/entity/Entity;I)Lnet/minecraft/world/level/pathfinder/Path;,entity,True,True,False,True,direct,every_tick,Goal.canUse,False,True,True,
enderzoology,26.1.0,mods/EnderZoology-v26.1.0-mc26.1.x-Fabric.jar,fuzs/enderzoology/common/world/entity/monster/DireWolf$SearchForItemsGoal,start,()V,14,invokevirtual,navigation,net/minecraft/world/entity/ai/navigation/PathNavigation,moveTo,(Lnet/minecraft/world/level/pathfinder/Path;D)Z,path,False,False,False,True,direct,on_start,Goal.start,False,False,False,
enhanced-cats,1.0.1,mods/.disabled/EnhancedCats-26.1.x-1.0.1-variantfix.jar,CatAIGoals/BabyCatsPlayGoal,tick,()V,48,invokevirtual,navigation,net/minecraft/world/entity/ai/navigation/PathNavigation,moveTo,(Lnet/minecraft/world/entity/Entity;D)Z,entity,True,True,False,True,direct,every_tick,Goal.tick,False,True,False,
enhanced-cats,1.0.1,mods/.disabled/EnhancedCats-26.1.x-1.0.1-variantfix.jar,CatAIGoals/FollowCreeperGoal,start,()V,14,invokevirtual,navigation,net/minecraft/world/entity/ai/navigation/PathNavigation,moveTo,(Lnet/minecraft/world/entity/Entity;D)Z,entity,True,True,False,True,direct,on_start,Goal.start,False,False,False,
enhanced-cats,1.0.1,mods/.disabled/EnhancedCats-26.1.x-1.0.1-variantfix.jar,CatAIGoals/FollowCreeperGoal,tick,()V,32,invokevirtual,navigation,net/minecraft/world/entity/ai/navigation/PathNavigation,moveTo,(Lnet/minecraft/world/entity/Entity;D)Z,entity,True,True,False,True,direct,every_tick,Goal.tick,False,False,False,
enhanced-cats,1.0.1,mods/.disabled/EnhancedCats-26.1.x-1.0.1-variantfix.jar,CatAIGoals/SharpenNailsOnLog,start,()V,47,invokevirtual,navigation,net/minecraft/world/entity/ai/navigation/PathNavigation,moveTo,(DDDD)Z,coords,False,True,False,True,direct,on_start,Goal.start,False,False,False,
enhanced-cats,1.0.1,mods/.disabled/EnhancedCats-26.1.x-1.0.1-variantfix.jar,CatAIGoals/SleepNearHeatSourceGoal,start,()V,47,invokevirtual,navigation,net/minecraft/world/entity/ai/navigation/PathNavigation,moveTo,(DDDD)Z,coords,False,True,False,True,direct,on_start,Goal.start,False,False,False,
enhanced-cats,1.0.1,mods/.disabled/EnhancedCats-26.1.x-1.0.1-variantfix.jar,CatAIGoals/TamedSpecific/InterruptChestUsage,start,()V,80,invokevirtual,navigation,net/minecraft/world/entity/ai/navigation/PathNavigation,moveTo,(DDDD)Z,coords,False,True,False,True,direct,on_start,Goal.start,True,False,False,
enhanced-cats,1.0.1,mods/.disabled/EnhancedCats-26.1.x-1.0.1-variantfix.jar,CatAIGoals/TamedSpecific/InterruptChestUsage,tick,()V,360,invokevirtual,navigation,net/minecraft/world/entity/ai/navigation/PathNavigation,moveTo,(DDDD)Z,coords,False,True,False,True,direct,every_tick,Goal.tick,True,True,False,
enhanced-cats,1.0.1,mods/.disabled/EnhancedCats-26.1.x-1.0.1-variantfix.jar,CatAIGoals/TamedSpecific/PlayWithItemsGoal,start,()V,19,invokevirtual,navigation,net/minecraft/world/entity/ai/navigation/PathNavigation,moveTo,(Lnet/minecraft/world/entity/Entity;D)Z,entity,True,True,False,True,direct,on_start,Goal.start,False,False,False,
enhanced-cats,1.0.1,mods/.disabled/EnhancedCats-26.1.x-1.0.1-variantfix.jar,CatAIGoals/TamedSpecific/PlayWithItemsGoal,tick,()V,32,invokevirtual,navigation,net/minecraft/world/entity/ai/navigation/PathNavigation,moveTo,(Lnet/minecraft/world/entity/Entity;D)Z,entity,True,True,False,True,direct,every_tick,Goal.tick,False,False,False,
enhanced-cats,1.0.1,mods/.disabled/EnhancedCats-26.1.x-1.0.1-variantfix.jar,CatAIGoals/TamedSpecific/SwatFlowerPotsGoal,start,()V,49,invokevirtual,navigation,net/minecraft/world/entity/ai/navigation/PathNavigation,moveTo,(DDDD)Z,coords,False,True,False,True,direct,on_start,Goal.start,False,False,False,
enhanced-cats,1.0.1,mods/.disabled/EnhancedCats-26.1.x-1.0.1-variantfix.jar,CatAIGoals/TamedSpecific/TryToStealFoodGoal,tick,()V,116,invokevirtual,navigation,net/minecraft/world/entity/ai/navigation/PathNavigation,moveTo,(Lnet/minecraft/world/entity/Entity;D)Z,entity,True,True,False,True,direct,every_tick,Goal.tick,True,False,False,
enhanced-cats,1.0.1,mods/.disabled/EnhancedCats-26.1.x-1.0.1-variantfix.jar,CatAIGoals/TamedSpecific/TryToStealFoodGoal,tick,()V,245,invokevirtual,navigation,net/minecraft/world/entity/ai/navigation/PathNavigation,moveTo,(DDDD)Z,coords,False,True,False,True,direct,every_tick,Goal.tick,True,False,False,
enhanced-cats,1.0.1,mods/.disabled/EnhancedCats-26.1.x-1.0.1-variantfix.jar,CatAIGoals/TamedSpecific/ZoomiesGoal,tick,()V,91,invokevirtual,navigation,net/minecraft/world/entity/ai/navigation/PathNavigation,moveTo,(DDDD)Z,coords,False,True,False,True,direct,every_tick,Goal.tick,False,True,False,
enhanced-cats,1.0.1,mods/.disabled/EnhancedCats-26.1.x-1.0.1-variantfix.jar,CatAIGoals/WanderAroundHomeGoal,tick,()V,128,invokevirtual,navigation,net/minecraft/world/entity/ai/navigation/PathNavigation,moveTo,(DDDD)Z,coords,False,True,False,True,direct,every_tick,Goal.tick,True,False,False,
enhanced-cats,1.0.1,mods/.disabled/EnhancedCats-26.1.x-1.0.1-variantfix.jar,HandleOwnerCalls/FishUseHandler,lambda$registerFishUseCallback$0,(Lnet/minecraft/world/entity/player/Player;Lnet/minecraft/world/level/Level;Lnet/minecraft/world/InteractionHand;)Lnet/minecraft/world/InteractionResult;,162,invokevirtual,navigation,net/minecraft/world/entity/ai/navigation/PathNavigation,moveTo,(Lnet/minecraft/world/entity/Entity;D)Z,entity,True,True,False,False,,,,False,False,True,
enhanced-cats,1.0.1,mods/.disabled/EnhancedCats-26.1.x-1.0.1-variantfix.jar,Mixins/CatEntityMixin,BabyvillagerAnnoysCat,(Lnet/minecraft/world/entity/animal/feline/Cat;)V,210,invokevirtual,navigation,net/minecraft/world/entity/ai/navigation/PathNavigation,moveTo,(DDDD)Z,coords,False,True,False,True,same_class,every_tick,via onTick <- mixin@Entity.tick,False,False,True,net/minecraft/world/entity/animal/feline/Cat
enhanced-cats,1.0.1,mods/.disabled/EnhancedCats-26.1.x-1.0.1-variantfix.jar,Mixins/CatEntityMixin,BabyvillagerAnnoysCat,(Lnet/minecraft/world/entity/animal/feline/Cat;)V,276,invokevirtual,navigation,net/minecraft/world/entity/ai/navigation/PathNavigation,moveTo,(Lnet/minecraft/world/entity/Entity;D)Z,entity,True,True,False,True,same_class,every_tick,via onTick <- mixin@Entity.tick,False,False,True,net/minecraft/world/entity/animal/feline/Cat
enhanced-cats,1.0.1,mods/.disabled/EnhancedCats-26.1.x-1.0.1-variantfix.jar,Mixins/CatEntityMixin,IsAfraidOfStorm,(Lnet/minecraft/world/entity/animal/feline/Cat;)V,61,invokevirtual,navigation,net/minecraft/world/entity/ai/navigation/PathNavigation,moveTo,(Lnet/minecraft/world/entity/Entity;D)Z,entity,True,True,False,True,same_class,every_tick,via onTick <- mixin@Entity.tick,False,False,False,net/minecraft/world/entity/animal/feline/Cat
enhanced-cats,1.0.1,mods/.disabled/EnhancedCats-26.1.x-1.0.1-variantfix.jar,Mixins/CatEntityMixin,IsAfraidOfStorm,(Lnet/minecraft/world/entity/animal/feline/Cat;)V,209,invokevirtual,navigation,net/minecraft/world/entity/ai/navigation/PathNavigation,moveTo,(DDDD)Z,coords,False,True,False,True,same_class,every_tick,via onTick <- mixin@Entity.tick,False,False,False,net/minecraft/world/entity/animal/feline/Cat
enhanced-cats,1.0.1,mods/.disabled/EnhancedCats-26.1.x-1.0.1-variantfix.jar,Mixins/CatEntityMixin,RainyDay,(Lnet/minecraft/world/entity/animal/feline/Cat;)V,69,invokevirtual,navigation,net/minecraft/world/entity/ai/navigation/PathNavigation,moveTo,(Lnet/minecraft/world/entity/Entity;D)Z,entity,True,True,False,True,same_class,every_tick,via onTick <- mixin@Entity.tick,False,False,False,net/minecraft/world/entity/animal/feline/Cat
enhanced-cats,1.0.1,mods/.disabled/EnhancedCats-26.1.x-1.0.1-variantfix.jar,Mixins/CatEntityMixin,RainyDayUntamed,(Lnet/minecraft/world/entity/animal/feline/Cat;)V,63,invokevirtual,navigation,net/minecraft/world/entity/ai/navigation/PathNavigation,moveTo,(DDDD)Z,coords,False,True,False,True,same_class,every_tick,via onTick <- mixin@Entity.tick,False,False,False,net/minecraft/world/entity/animal/feline/Cat
enhanced-cats,1.0.1,mods/.disabled/EnhancedCats-26.1.x-1.0.1-variantfix.jar,Mixins/CatEntityMixin,cathuntsfish,(Lnet/minecraft/world/entity/animal/feline/Cat;)V,204,invokevirtual,navigation,net/minecraft/world/entity/ai/navigation/PathNavigation,moveTo,(Lnet/minecraft/world/entity/Entity;D)Z,entity,True,True,False,True,same_class,every_tick,via onTick <- mixin@Entity.tick,True,False,True,net/minecraft/world/entity/animal/feline/Cat
enhanced-cats,1.0.1,mods/.disabled/EnhancedCats-26.1.x-1.0.1-variantfix.jar,Mixins/CatEntityMixin,getfish,(Lnet/minecraft/world/entity/animal/feline/Cat;Ljava/util/List;)V,174,invokevirtual,navigation,net/minecraft/world/entity/ai/navigation/PathNavigation,moveTo,(Lnet/minecraft/world/entity/Entity;D)Z,entity,True,True,False,True,same_class,every_tick,via BabyvillagerAnnoysCat <- via onTick <- mixin@Entity.tick,True,False,True,net/minecraft/world/entity/animal/feline/Cat
eternalnether,26.1.4,mods/EternalNether-v26.1.4-mc26.1.x-Fabric.jar,fuzs/eternalnether/common/world/entity/ai/goal/FollowOwnerGoal,tick,()V,86,invokevirtual,navigation,net/minecraft/world/entity/ai/navigation/PathNavigation,moveTo,(Lnet/minecraft/world/entity/Entity;D)Z,entity,True,True,False,True,direct,every_tick,Goal.tick,False,True,False,
herdinstinct,1.0.0,mods/herdinstinct-fabric-1.0.0.jar,jakobify/herdinstinct/HerdPanicUtil,updatePanicPath,(Lnet/minecraft/world/entity/PathfinderMob;Lnet/minecraft/world/phys/Vec3;DD)V,34,invokevirtual,navigation,net/minecraft/world/entity/ai/navigation/PathNavigation,moveTo,(DDDD)Z,coords,False,True,False,False,,,,False,False,False,
icys-better-horses,1.1.6,mods/icys-better-horses-1.1.6.jar,icy/betterhorses/net/goal/HorseFollowOwnerGoal,tick,()V,21,invokevirtual,navigation,net/minecraft/world/entity/ai/navigation/PathNavigation,moveTo,(Lnet/minecraft/world/entity/Entity;D)Z,entity,True,True,False,True,direct,every_tick,Goal.tick,False,False,False,
icys-better-horses,1.1.6,mods/icys-better-horses-1.1.6.jar,icy/betterhorses/net/goal/HorseReturnHomeGoal,navigateHome,()V,49,invokevirtual,navigation,net/minecraft/world/entity/ai/navigation/PathNavigation,moveTo,(DDDD)Z,coords,False,True,False,True,same_class,every_tick,via tick <- Goal.tick,False,False,False,
icys-better-horses,1.1.6,mods/icys-better-horses-1.1.6.jar,icy/betterhorses/net/goal/HorseWanderBoundsGoal,bh_repathTowardBounds,()V,151,invokevirtual,navigation,net/minecraft/world/entity/ai/navigation/PathNavigation,moveTo,(DDDD)Z,coords,False,True,False,True,same_class,every_tick,via tick <- Goal.tick,False,False,False,
icys-better-horses,1.1.6,mods/icys-better-horses-1.1.6.jar,icy/betterhorses/net/goal/HorseWanderBoundsGoal,bh_repathTowardBounds,()V,175,invokevirtual,navigation,net/minecraft/world/entity/ai/navigation/PathNavigation,moveTo,(DDDD)Z,coords,False,True,False,True,same_class,every_tick,via tick <- Goal.tick,False,False,False,
magicdrive,1.0.3+26.1.2,mods/sailsandairships-1.0.3+26.1.2.jar,net/sailsandblimps/mod/entity/ai/GizmoAggroGoal,tick,()V,70,invokevirtual,navigation,net/minecraft/world/entity/ai/navigation/PathNavigation,moveTo,(Lnet/minecraft/world/entity/Entity;D)Z,entity,True,True,False,True,direct,every_tick,Goal.tick,True,True,False,
mca,7.9.5+26.1.2,mods/mca-fabric-7.9.5+26.1.2.jar,net/conczin/mca/entity/VillagerEntityMCA,moveTowards,(Lnet/minecraft/core/BlockPos;FI)V,14,invokespecial,walk_target,net/minecraft/world/entity/ai/memory/WalkTarget,<init>,(Lnet/minecraft/core/BlockPos;FI)V,blockpos,False,True,False,True,cross_class,every_tick,via VillagerEntityMCA#moveTowards <- via VillagerEntityMCA#moveTowards <- via HuntingTask#tick <- Behavior.tick,False,False,False,
mca,7.9.5+26.1.2,mods/mca-fabric-7.9.5+26.1.2.jar,net/conczin/mca/entity/ai/Relationship,onTragedy,(Lnet/minecraft/world/damagesource/DamageSource;Lnet/minecraft/core/BlockPos;Lnet/conczin/mca/entity/ai/relationship/RelationshipType;Lnet/minecraft/world/entity/Entity;)V,138,invokespecial,walk_target,net/minecraft/world/entity/ai/memory/WalkTarget,<init>,(Lnet/minecraft/core/BlockPos;FI)V,blockpos,False,True,False,False,,,,False,False,False,
mca,7.9.5+26.1.2,mods/mca-fabric-7.9.5+26.1.2.jar,net/conczin/mca/entity/ai/brain/tasks/ArcherMovementTask,approach,(Lnet/minecraft/world/entity/PathfinderMob;Lnet/minecraft/world/entity/LivingEntity;)V,57,invokevirtual,navigation,net/minecraft/world/entity/ai/navigation/PathNavigation,moveTo,(Lnet/minecraft/world/entity/Entity;D)Z,entity,True,True,False,True,same_class,every_tick,via tick <- Behavior.tick,True,False,False,
mca,7.9.5+26.1.2,mods/mca-fabric-7.9.5+26.1.2.jar,net/conczin/mca/entity/ai/brain/tasks/ArcherMovementTask,findPathAway,(Lnet/minecraft/world/entity/PathfinderMob;Lnet/minecraft/world/entity/LivingEntity;DZ)Lnet/minecraft/world/level/pathfinder/Path;,115,invokevirtual,navigation,net/minecraft/world/entity/ai/navigation/PathNavigation,createPath,(DDDI)Lnet/minecraft/world/level/pathfinder/Path;,coords,False,True,False,True,same_class,every_tick,via moveAway <- via tick <- Behavior.tick,False,False,False,
mca,7.9.5+26.1.2,mods/mca-fabric-7.9.5+26.1.2.jar,net/conczin/mca/entity/ai/brain/tasks/ArcherMovementTask,moveAway,(Lnet/minecraft/world/entity/PathfinderMob;Lnet/minecraft/world/entity/LivingEntity;DIDZ)V,131,invokevirtual,navigation,net/minecraft/world/entity/ai/navigation/PathNavigation,moveTo,(Lnet/minecraft/world/level/pathfinder/Path;D)Z,path,False,False,False,True,same_class,every_tick,via tick <- Behavior.tick,True,False,False,
mca,7.9.5+26.1.2,mods/mca-fabric-7.9.5+26.1.2.jar,net/conczin/mca/entity/ai/brain/tasks/DeliverMessageTask,tick,(Lnet/minecraft/server/level/ServerLevel;Lnet/conczin/mca/entity/VillagerEntityMCA;J)V,47,invokestatic,behavior_utils,net/minecraft/world/entity/ai/behavior/BehaviorUtils,setWalkAndLookTargetMemories,(Lnet/minecraft/world/entity/LivingEntity;Lnet/minecraft/world/entity/Entity;FI)V,entity,True,True,False,True,direct,every_tick,Behavior.tick,False,False,False,
mca,7.9.5+26.1.2,mods/mca-fabric-7.9.5+26.1.2.jar,net/conczin/mca/entity/ai/brain/tasks/EnterBuildingTask,lambda$start$0,(Lnet/conczin/mca/entity/VillagerEntityMCA;Lnet/minecraft/core/BlockPos;)V,7,invokestatic,behavior_utils,net/minecraft/world/entity/ai/behavior/BehaviorUtils,setWalkAndLookTargetMemories,(Lnet/minecraft/world/entity/LivingEntity;Lnet/minecraft/core/BlockPos;FI)V,blockpos,False,True,False,False,,,,False,False,False,
mca,7.9.5+26.1.2,mods/mca-fabric-7.9.5+26.1.2.jar,net/conczin/mca/entity/ai/brain/tasks/ExtendedWalkTowardsTask,lambda$create$3,(Lnet/minecraft/world/entity/ai/behavior/declarative/BehaviorBuilder$Instance;Lnet/minecraft/world/entity/ai/behavior/declarative/MemoryAccessor;Lnet/minecraft/world/entity/ai/behavior/declarative/MemoryAccessor;ILnet/conczin/mca/entity/ai/brain/tasks/ExtendedWalkTowardsTask$WalkTargetResolver;IILnet/minecraft/world/entity/ai/memory/MemoryModuleType;Lnet/minecraft/world/entity/ai/behavior/declarative/MemoryAccessor;FLjava/util/function/Predicate;Ljava/util/function/Consumer;Lnet/minecraft/server/level/ServerLevel;Lnet/conczin/mca/entity/VillagerEntityMCA;J)Z,215,invokespecial,walk_target,net/minecraft/world/entity/ai/memory/WalkTarget,<init>,(Lnet/minecraft/world/phys/Vec3;FI)V,vec3,False,True,False,True,cross_class,every_tick,lambda created in ExtendedWalkTowardsTask#create <- via VillagerTasksMCA#getRestPackage <- via VillagerTasksMCA#initializeTasks <- via VillagerEntityMCA#refreshBrain <- via setProfession <- via tickDespawnDelay <- via aiStep <- Entity.aiStep,False,False,False,
mca,7.9.5+26.1.2,mods/mca-fabric-7.9.5+26.1.2.jar,net/conczin/mca/entity/ai/brain/tasks/ExtendedWalkTowardsTask,lambda$create$3,(Lnet/minecraft/world/entity/ai/behavior/declarative/BehaviorBuilder$Instance;Lnet/minecraft/world/entity/ai/behavior/declarative/MemoryAccessor;Lnet/minecraft/world/entity/ai/behavior/declarative/MemoryAccessor;ILnet/conczin/mca/entity/ai/brain/tasks/ExtendedWalkTowardsTask$WalkTargetResolver;IILnet/minecraft/world/entity/ai/memory/MemoryModuleType;Lnet/minecraft/world/entity/ai/behavior/declarative/MemoryAccessor;FLjava/util/function/Predicate;Ljava/util/function/Consumer;Lnet/minecraft/server/level/ServerLevel;Lnet/conczin/mca/entity/VillagerEntityMCA;J)Z,251,invokespecial,walk_target,net/minecraft/world/entity/ai/memory/WalkTarget,<init>,(Lnet/minecraft/core/BlockPos;FI)V,blockpos,False,True,False,True,cross_class,every_tick,lambda created in ExtendedWalkTowardsTask#create <- via VillagerTasksMCA#getRestPackage <- via VillagerTasksMCA#initializeTasks <- via VillagerEntityMCA#refreshBrain <- via setProfession <- via tickDespawnDelay <- via aiStep <- Entity.aiStep,False,False,False,
mca,7.9.5+26.1.2,mods/mca-fabric-7.9.5+26.1.2.jar,net/conczin/mca/entity/ai/brain/tasks/FollowTask,lambda$tick$0,(Lnet/conczin/mca/entity/VillagerEntityMCA;Lnet/minecraft/world/entity/player/Player;)V,92,invokestatic,behavior_utils,net/minecraft/world/entity/ai/behavior/BehaviorUtils,setWalkAndLookTargetMemories,(Lnet/minecraft/world/entity/LivingEntity;Lnet/minecraft/world/entity/Entity;FI)V,entity,True,True,False,True,direct,every_tick,lambda-in-Behavior.tick,False,False,False,
mca,7.9.5+26.1.2,mods/mca-fabric-7.9.5+26.1.2.jar,net/conczin/mca/entity/ai/brain/tasks/InteractTask,lambda$followPlayer$0,(Lnet/minecraft/world/entity/ai/Brain;Lnet/minecraft/world/entity/player/Player;)V,14,invokespecial,walk_target,net/minecraft/world/entity/ai/memory/WalkTarget,<init>,(Lnet/minecraft/world/entity/Entity;FI)V,entity,True,True,False,True,cross_class,every_tick,lambda created in InteractTask#followPlayer <- via tick <- Behavior.tick,False,False,False,
mca,7.9.5+26.1.2,mods/mca-fabric-7.9.5+26.1.2.jar,net/conczin/mca/entity/ai/brain/tasks/PatrolVillageTask,lambda$start$0,(Lnet/conczin/mca/entity/VillagerEntityMCA;Lnet/minecraft/core/BlockPos;)V,10,invokestatic,behavior_utils,net/minecraft/world/entity/ai/behavior/BehaviorUtils,setWalkAndLookTargetMemories,(Lnet/minecraft/world/entity/LivingEntity;Lnet/minecraft/core/BlockPos;FI)V,blockpos,False,True,False,False,,,,False,False,False,
mca,7.9.5+26.1.2,mods/mca-fabric-7.9.5+26.1.2.jar,net/conczin/mca/entity/ai/goal/GrimReaperIdleGoal,start,()V,23,invokevirtual,navigation,net/minecraft/world/entity/ai/navigation/PathNavigation,moveTo,(DDDD)Z,coords,False,True,False,True,direct,on_start,Goal.start,False,False,False,
pathweaver,0.9.0+26.1.2,mods/pathweaver-0.9.0+26.1.2.jar,dev/pathweaver/brain/BrainSinkPort,probe,(DLnet/minecraft/core/BlockPos;)Ldev/pathweaver/brain/BrainSinkPolicy$Probe;,24,invokevirtual,navigation,net/minecraft/world/entity/ai/navigation/PathNavigation,createPath,(Lnet/minecraft/core/BlockPos;I)Lnet/minecraft/world/level/pathfinder/Path;,blockpos,False,True,False,True,cross_class,every_tick,via BrainSinkPolicy#decide <- via MoveToTargetSinkMixin#pathweaver$decideDefers <- via pathweaver$claimAndDecide <- via pathweaver$deferBeforeVanillaCanForgetTheTarget <- mixin@Behavior.checkExtraStartConditions,False,False,False,
pathweaver,0.9.0+26.1.2,mods/pathweaver-0.9.0+26.1.2.jar,dev/pathweaver/mixin/PathNavigationMixin,pathweaver$install,(Lnet/minecraft/world/level/pathfinder/Path;)Z,6,invokevirtual,navigation,dev/pathweaver/mixin/PathNavigationMixin,moveTo,(Lnet/minecraft/world/level/pathfinder/Path;D)Z,path,False,False,True,False,,,,False,False,False,net/minecraft/world/entity/ai/navigation/PathNavigation
rabbit-pathfinding-fix,1.3.0,mods/rabbit-pathfinding-fix-1.3.0.jar,net/litetex/rpf/mixin/RabbitEntityEatCarrotCropGoalMixin,moveMobToBlock,()V,46,invokevirtual,navigation,net/minecraft/world/entity/ai/navigation/PathNavigation,moveTo,(DDDID)Z,coords,False,True,False,True,same_class,every_tick,via tickSuperRedirect <- mixin@Goal.tick,False,False,False,net/minecraft/world/entity/animal/rabbit/Rabbit$RaidGardenGoal
salts_animal_farm,0.2,mods/salts_animal_farm-26.1.2-Fabric-0.2-pathweaver-patched.jar,org/betterLostItems/salts_animal_farm/entity/ai/AnimalComfortGoal,createPathTo,(Lnet/minecraft/core/BlockPos;)Lnet/minecraft/world/level/pathfinder/Path;,85,invokevirtual,navigation,net/minecraft/world/entity/ai/navigation/PathNavigation,createPath,(Lnet/minecraft/core/BlockPos;I)Lnet/minecraft/world/level/pathfinder/Path;,blockpos,False,True,False,True,same_class,every_tick,via evaluateSpaceCandidate <- via findSpaceTarget <- via updateSpaceTarget <- via tick <- Goal.tick,False,False,False,
salts_animal_farm,0.2,mods/salts_animal_farm-26.1.2-Fabric-0.2-pathweaver-patched.jar,org/betterLostItems/salts_animal_farm/entity/ai/AnimalComfortGoal,start,()V,55,invokevirtual,navigation,net/minecraft/world/entity/ai/navigation/PathNavigation,moveTo,(DDDD)Z,coords,False,True,False,True,direct,on_start,Goal.start,True,False,False,
salts_animal_farm,0.2,mods/salts_animal_farm-26.1.2-Fabric-0.2-pathweaver-patched.jar,org/betterLostItems/salts_animal_farm/entity/ai/AnimalComfortGoal,tick,()V,437,invokevirtual,navigation,net/minecraft/world/entity/ai/navigation/PathNavigation,moveTo,(DDDD)Z,coords,False,True,False,True,direct,every_tick,Goal.tick,True,True,False,
salts_animal_farm,0.2,mods/salts_animal_farm-26.1.2-Fabric-0.2-pathweaver-patched.jar,org/betterLostItems/salts_animal_farm/entity/ai/AnimalComfortGoal,tick,()V,503,invokevirtual,navigation,net/minecraft/world/entity/ai/navigation/PathNavigation,moveTo,(DDDD)Z,coords,False,True,False,True,direct,every_tick,Goal.tick,True,True,False,
salts_animal_farm,0.2,mods/salts_animal_farm-26.1.2-Fabric-0.2-pathweaver-patched.jar,org/betterLostItems/salts_animal_farm/entity/ai/AnimalComfortGoal,updateFriendTarget,()V,146,invokevirtual,navigation,net/minecraft/world/entity/ai/navigation/PathNavigation,moveTo,(DDDD)Z,coords,False,True,False,True,same_class,every_tick,via tick <- Goal.tick,True,False,False,
salts_animal_farm,0.2,mods/salts_animal_farm-26.1.2-Fabric-0.2-pathweaver-patched.jar,org/betterLostItems/salts_animal_farm/entity/ai/AnimalComfortGoal,updateSpaceTarget,()V,202,invokevirtual,navigation,net/minecraft/world/entity/ai/navigation/PathNavigation,moveTo,(DDDD)Z,coords,False,True,False,True,same_class,every_tick,via tick <- Goal.tick,True,True,False,
salts_animal_farm,0.2,mods/salts_animal_farm-26.1.2-Fabric-0.2-pathweaver-patched.jar,org/betterLostItems/salts_animal_farm/entity/ai/FarmAnimalFleeHostilesGoal,start,()V,34,invokevirtual,navigation,net/minecraft/world/entity/ai/navigation/PathNavigation,moveTo,(DDDD)Z,coords,False,True,False,True,direct,on_start,Goal.start,False,False,False,
salts_animal_farm,0.2,mods/salts_animal_farm-26.1.2-Fabric-0.2-pathweaver-patched.jar,org/betterLostItems/salts_animal_farm/entity/ai/FarmAnimalFranticGoal,moveSomewhere,()V,76,invokevirtual,navigation,net/minecraft/world/entity/ai/navigation/PathNavigation,moveTo,(DDDD)Z,coords,False,True,False,True,same_class,every_tick,via tick <- Goal.tick,False,False,False,
stormiespiders,3.3.0,mods/stormiespiders-fabric-26.1-3.3.0.jar,win/demistorm/stormiespiders/common/entity/movement/AdvancedClimberPathNavigator,createPath,(Lnet/minecraft/core/BlockPos;I)Lnet/minecraft/world/level/pathfinder/Path;,9,invokevirtual,navigation,win/demistorm/stormiespiders/common/entity/movement/AdvancedClimberPathNavigator,createPath,(Ljava/util/Set;IZI)Lnet/minecraft/world/level/pathfinder/Path;,blockpos_set,False,True,True,True,cross_class,every_tick,via BetterSpiderPathNavigator#tick <- PathNavigation.tick,False,False,False,
stormiespiders,3.3.0,mods/stormiespiders-fabric-26.1-3.3.0.jar,win/demistorm/stormiespiders/common/entity/movement/AdvancedClimberPathNavigator,createPath,(Lnet/minecraft/world/entity/Entity;I)Lnet/minecraft/world/level/pathfinder/Path;,12,invokevirtual,navigation,win/demistorm/stormiespiders/common/entity/movement/AdvancedClimberPathNavigator,createPath,(Ljava/util/Set;IZI)Lnet/minecraft/world/level/pathfinder/Path;,blockpos_set,False,True,True,False,,,,False,False,False,
stormiespiders,3.3.0,mods/stormiespiders-fabric-26.1-3.3.0.jar,win/demistorm/stormiespiders/common/entity/movement/AdvancedClimberPathNavigator,tick,()V,18,invokevirtual,navigation,win/demistorm/stormiespiders/common/entity/movement/AdvancedClimberPathNavigator,recomputePath,()V,current_target,False,True,True,True,direct,every_tick,PathNavigation.tick,True,True,False,
stormiespiders,3.3.0,mods/stormiespiders-fabric-26.1-3.3.0.jar,win/demistorm/stormiespiders/common/entity/movement/AdvancedGroundPathNavigator,createPath,(Ljava/util/Set;IZI)Lnet/minecraft/world/level/pathfinder/Path;,101,invokespecial,navigation,net/minecraft/world/entity/ai/navigation/GroundPathNavigation,createPath,(Ljava/util/Set;IZI)Lnet/minecraft/world/level/pathfinder/Path;,blockpos_set,False,True,True,True,cross_class,every_tick,via AdvancedClimberPathNavigator#createPath <- via BetterSpiderPathNavigator#tick <- PathNavigation.tick,False,False,False,
stormiespiders,3.3.0,mods/stormiespiders-fabric-26.1-3.3.0.jar,win/demistorm/stormiespiders/common/entity/movement/AdvancedGroundPathNavigator,recomputePath,()V,41,invokevirtual,navigation,win/demistorm/stormiespiders/common/entity/movement/AdvancedGroundPathNavigator,createPath,(Lnet/minecraft/core/BlockPos;I)Lnet/minecraft/world/level/pathfinder/Path;,blockpos,False,True,True,True,cross_class,every_tick,via AdvancedClimberPathNavigator#tick <- PathNavigation.tick,False,False,False,
stormiespiders,3.3.0,mods/stormiespiders-fabric-26.1-3.3.0.jar,win/demistorm/stormiespiders/common/entity/movement/BetterSpiderPathNavigator,createPath,(Lnet/minecraft/core/BlockPos;I)Lnet/minecraft/world/level/pathfinder/Path;,8,invokespecial,navigation,win/demistorm/stormiespiders/common/entity/movement/AdvancedClimberPathNavigator,createPath,(Lnet/minecraft/core/BlockPos;I)Lnet/minecraft/world/level/pathfinder/Path;,blockpos,False,True,True,True,same_class,every_tick,via tick <- PathNavigation.tick,False,False,False,
stormiespiders,3.3.0,mods/stormiespiders-fabric-26.1-3.3.0.jar,win/demistorm/stormiespiders/common/entity/movement/BetterSpiderPathNavigator,createPath,(Lnet/minecraft/world/entity/Entity;I)Lnet/minecraft/world/level/pathfinder/Path;,11,invokespecial,navigation,win/demistorm/stormiespiders/common/entity/movement/AdvancedClimberPathNavigator,createPath,(Lnet/minecraft/world/entity/Entity;I)Lnet/minecraft/world/level/pathfinder/Path;,entity,True,True,True,False,,,,False,False,False,
stormiespiders,3.3.0,mods/stormiespiders-fabric-26.1-3.3.0.jar,win/demistorm/stormiespiders/common/entity/movement/BetterSpiderPathNavigator,moveTo,(Lnet/minecraft/world/entity/Entity;D)Z,3,invokevirtual,navigation,win/demistorm/stormiespiders/common/entity/movement/BetterSpiderPathNavigator,createPath,(Lnet/minecraft/world/entity/Entity;I)Lnet/minecraft/world/level/pathfinder/Path;,entity,True,True,True,False,,,,False,False,False,
stormiespiders,3.3.0,mods/stormiespiders-fabric-26.1-3.3.0.jar,win/demistorm/stormiespiders/common/entity/movement/BetterSpiderPathNavigator,moveTo,(Lnet/minecraft/world/entity/Entity;D)Z,17,invokevirtual,navigation,win/demistorm/stormiespiders/common/entity/movement/BetterSpiderPathNavigator,moveTo,(Lnet/minecraft/world/level/pathfinder/Path;D)Z,path,False,False,True,False,,,,False,False,False,
stormiespiders,3.3.0,mods/stormiespiders-fabric-26.1-3.3.0.jar,win/demistorm/stormiespiders/common/entity/movement/BetterSpiderPathNavigator,tick,()V,143,invokevirtual,navigation,win/demistorm/stormiespiders/common/entity/movement/BetterSpiderPathNavigator,createPath,(Lnet/minecraft/core/BlockPos;I)Lnet/minecraft/world/level/pathfinder/Path;,blockpos,False,True,True,True,direct,every_tick,PathNavigation.tick,True,False,False,
stormiespiders,3.3.0,mods/stormiespiders-fabric-26.1-3.3.0.jar,win/demistorm/stormiespiders/common/entity/movement/BetterSpiderPathNavigator,tick,()V,157,invokevirtual,navigation,win/demistorm/stormiespiders/common/entity/movement/BetterSpiderPathNavigator,moveTo,(Lnet/minecraft/world/level/pathfinder/Path;D)Z,path,False,False,True,True,direct,every_tick,PathNavigation.tick,True,False,False,
vanilla-outsider-better-dogs,3.7.1+A-26.1.2,mods/vanilla-outsider-better-dogs-3.7.1+A-26.1.2.jar,net/vanillaoutsider/betterdogs/ai/AdultCorrectionGoal,tick,()V,49,invokevirtual,navigation,net/minecraft/world/entity/ai/navigation/PathNavigation,moveTo,(Lnet/minecraft/world/entity/Entity;D)Z,entity,True,True,False,True,direct,every_tick,Goal.tick,False,False,False,
vanilla-outsider-better-dogs,3.7.1+A-26.1.2,mods/vanilla-outsider-better-dogs-3.7.1+A-26.1.2.jar,net/vanillaoutsider/betterdogs/ai/BabyBiteBackGoal,tick,()V,49,invokevirtual,navigation,net/minecraft/world/entity/ai/navigation/PathNavigation,moveTo,(Lnet/minecraft/world/entity/Entity;D)Z,entity,True,True,False,True,direct,every_tick,Goal.tick,False,False,False,
vanilla-outsider-better-dogs,3.7.1+A-26.1.2,mods/vanilla-outsider-better-dogs-3.7.1+A-26.1.2.jar,net/vanillaoutsider/betterdogs/ai/BabyCuriosityGoal,start,()V,43,invokevirtual,navigation,net/minecraft/world/entity/ai/navigation/PathNavigation,moveTo,(Lnet/minecraft/world/entity/Entity;D)Z,entity,True,True,False,True,direct,on_start,Goal.start,False,False,False,
vanilla-outsider-better-dogs,3.7.1+A-26.1.2,mods/vanilla-outsider-better-dogs-3.7.1+A-26.1.2.jar,net/vanillaoutsider/betterdogs/ai/BabyCuriosityGoal,start,()V,100,invokevirtual,navigation,net/minecraft/world/entity/ai/navigation/PathNavigation,moveTo,(DDDD)Z,coords,False,True,False,True,direct,on_start,Goal.start,False,False,False,
vanilla-outsider-better-dogs,3.7.1+A-26.1.2,mods/vanilla-outsider-better-dogs-3.7.1+A-26.1.2.jar,net/vanillaoutsider/betterdogs/ai/BeggingGoal,tick,()V,54,invokevirtual,navigation,net/minecraft/world/entity/ai/navigation/PathNavigation,moveTo,(Lnet/minecraft/world/entity/Entity;D)Z,entity,True,True,False,True,direct,every_tick,Goal.tick,True,False,False,
vanilla-outsider-better-dogs,3.7.1+A-26.1.2,mods/vanilla-outsider-better-dogs-3.7.1+A-26.1.2.jar,net/vanillaoutsider/betterdogs/ai/EatGroundFoodGoal,start,()V,22,invokevirtual,navigation,net/minecraft/world/entity/ai/navigation/PathNavigation,moveTo,(Lnet/minecraft/world/entity/Entity;D)Z,entity,True,True,False,True,direct,on_start,Goal.start,False,False,False,
vanilla-outsider-better-dogs,3.7.1+A-26.1.2,mods/vanilla-outsider-better-dogs-3.7.1+A-26.1.2.jar,net/vanillaoutsider/betterdogs/ai/EatGroundFoodGoal,tick,()V,70,invokevirtual,navigation,net/minecraft/world/entity/ai/navigation/PathNavigation,moveTo,(Lnet/minecraft/world/entity/Entity;D)Z,entity,True,True,False,True,direct,every_tick,Goal.tick,False,False,False,
vanilla-outsider-better-dogs,3.7.1+A-26.1.2,mods/vanilla-outsider-better-dogs-3.7.1+A-26.1.2.jar,net/vanillaoutsider/betterdogs/ai/PersonalityFollowOwnerGoal,tick,()V,320,invokevirtual,navigation,net/minecraft/world/entity/ai/navigation/PathNavigation,moveTo,(DDDD)Z,coords,False,True,False,True,direct,every_tick,Goal.tick,True,True,False,
vanilla-outsider-better-dogs,3.7.1+A-26.1.2,mods/vanilla-outsider-better-dogs-3.7.1+A-26.1.2.jar,net/vanillaoutsider/betterdogs/ai/PersonalityFollowOwnerGoal,tick,()V,466,invokevirtual,navigation,net/minecraft/world/entity/ai/navigation/PathNavigation,moveTo,(Lnet/minecraft/world/entity/Entity;D)Z,entity,True,True,False,True,direct,every_tick,Goal.tick,True,True,False,
vanilla-outsider-better-dogs,3.7.1+A-26.1.2,mods/vanilla-outsider-better-dogs-3.7.1+A-26.1.2.jar,net/vanillaoutsider/betterdogs/ai/SmallFightGoal,tick,()V,49,invokevirtual,navigation,net/minecraft/world/entity/ai/navigation/PathNavigation,moveTo,(Lnet/minecraft/world/entity/Entity;D)Z,entity,True,True,False,True,direct,every_tick,Goal.tick,False,False,False,
vanilla-outsider-better-dogs,3.7.1+A-26.1.2,mods/vanilla-outsider-better-dogs-3.7.1+A-26.1.2.jar,net/vanillaoutsider/betterdogs/ai/WildWolfPackWarGoal,tick,()V,21,invokevirtual,navigation,net/minecraft/world/entity/ai/navigation/PathNavigation,moveTo,(Lnet/minecraft/world/entity/Entity;D)Z,entity,True,True,False,True,direct,every_tick,Goal.tick,False,False,False,
vanilla-outsider-better-dogs,3.7.1+A-26.1.2,mods/vanilla-outsider-better-dogs-3.7.1+A-26.1.2.jar,net/vanillaoutsider/betterdogs/ai/WildWolfTerritorialGoal,tick,()V,98,invokevirtual,navigation,net/minecraft/world/entity/ai/navigation/PathNavigation,moveTo,(Lnet/minecraft/world/entity/Entity;D)Z,entity,True,True,False,True,direct,every_tick,Goal.tick,True,True,False,
vanilla-outsider-better-dogs,3.7.1+A-26.1.2,mods/vanilla-outsider-better-dogs-3.7.1+A-26.1.2.jar,net/vanillaoutsider/betterdogs/ai/WildWolfTerritorialGoal,tick,()V,354,invokevirtual,navigation,net/minecraft/world/entity/ai/navigation/PathNavigation,moveTo,(DDDD)Z,coords,False,True,False,True,direct,every_tick,Goal.tick,True,True,False,
vanilla-outsider-better-dogs,3.7.1+A-26.1.2,mods/vanilla-outsider-better-dogs-3.7.1+A-26.1.2.jar,net/vanillaoutsider/betterdogs/ai/WolfFetchGoal,tick,()V,45,invokevirtual,navigation,net/minecraft/world/entity/ai/navigation/PathNavigation,moveTo,(Lnet/minecraft/world/entity/Entity;D)Z,entity,True,True,False,True,direct,every_tick,Goal.tick,False,False,False,
vanilla-outsider-better-dogs,3.7.1+A-26.1.2,mods/vanilla-outsider-better-dogs-3.7.1+A-26.1.2.jar,net/vanillaoutsider/betterdogs/ai/WolfFetchGoal,tick,()V,116,invokevirtual,navigation,net/minecraft/world/entity/ai/navigation/PathNavigation,moveTo,(Lnet/minecraft/world/entity/Entity;D)Z,entity,True,True,False,True,direct,every_tick,Goal.tick,False,False,False,
vanilla-outsider-better-dogs,3.7.1+A-26.1.2,mods/vanilla-outsider-better-dogs-3.7.1+A-26.1.2.jar,net/vanillaoutsider/betterdogs/ai/WolfGuardGoal,tick,()V,765,invokevirtual,navigation,net/minecraft/world/entity/ai/navigation/PathNavigation,moveTo,(DDDD)Z,coords,False,True,False,True,direct,every_tick,Goal.tick,True,True,False,
vanilla-outsider-better-dogs,3.7.1+A-26.1.2,mods/vanilla-outsider-better-dogs-3.7.1+A-26.1.2.jar,net/vanillaoutsider/betterdogs/ai/WolfGuardGoal,tick,()V,1024,invokevirtual,navigation,net/minecraft/world/entity/ai/navigation/PathNavigation,moveTo,(DDDD)Z,coords,False,True,False,True,direct,every_tick,Goal.tick,True,True,False,
vanilla-outsider-better-dogs,3.7.1+A-26.1.2,mods/vanilla-outsider-better-dogs-3.7.1+A-26.1.2.jar,net/vanillaoutsider/betterdogs/ai/WolfGuardGoal,tick,()V,1710,invokevirtual,navigation,net/minecraft/world/entity/ai/navigation/PathNavigation,moveTo,(DDDD)Z,coords,False,True,False,True,direct,every_tick,Goal.tick,True,True,False,
vanilla-outsider-better-dogs,3.7.1+A-26.1.2,mods/vanilla-outsider-better-dogs-3.7.1+A-26.1.2.jar,net/vanillaoutsider/betterdogs/ai/WolfStormAnxietyGoal,start,()V,54,invokevirtual,navigation,net/minecraft/world/entity/ai/navigation/PathNavigation,moveTo,(DDDD)Z,coords,False,True,False,True,direct,on_start,Goal.start,False,False,False,
vanilla-outsider-better-dogs,3.7.1+A-26.1.2,mods/vanilla-outsider-better-dogs-3.7.1+A-26.1.2.jar,net/vanillaoutsider/betterdogs/ai/ZoomiesGoal,runRandomly,()V,99,invokevirtual,navigation,net/minecraft/world/entity/ai/navigation/PathNavigation,moveTo,(DDDD)Z,coords,False,True,False,True,same_class,every_tick,via tick <- Goal.tick,False,False,False,
vanilla-outsider-better-dogs,3.7.1+A-26.1.2,mods/vanilla-outsider-better-dogs-3.7.1+A-26.1.2.jar,net/vanillaoutsider/betterdogs/mixin/WolfSafetyMixin,betterdogs$checkTargetCliffSafety,()V,234,invokevirtual,navigation,net/minecraft/world/entity/ai/navigation/PathNavigation,moveTo,(DDDD)Z,coords,False,True,False,True,same_class,every_tick,via betterdogs$onTickSafety <- mixin@Entity.tick,True,False,False,net/minecraft/world/entity/animal/wolf/Wolf
warband,1.3.2,mods/warband-1.3.2.jar,com/warband/ai/goal/BountyChaseGoal,tick,()V,53,invokevirtual,navigation,net/minecraft/world/entity/ai/navigation/PathNavigation,moveTo,(Lnet/minecraft/world/entity/Entity;D)Z,entity,True,True,False,True,direct,every_tick,Goal.tick,True,False,False,
warband,1.3.2,mods/warband-1.3.2.jar,com/warband/ai/goal/CeilingCrawlGoal,tick,()V,72,invokevirtual,navigation,net/minecraft/world/entity/ai/navigation/PathNavigation,moveTo,(Lnet/minecraft/world/entity/Entity;D)Z,entity,True,True,False,True,direct,every_tick,Goal.tick,False,False,False,
warband,1.3.2,mods/warband-1.3.2.jar,com/warband/ai/goal/ExtendedMobTacticGoal,start,()V,83,invokevirtual,navigation,net/minecraft/world/entity/ai/navigation/PathNavigation,moveTo,(Lnet/minecraft/world/entity/Entity;D)Z,entity,True,True,False,True,direct,on_start,Goal.start,False,False,False,
warband,1.3.2,mods/warband-1.3.2.jar,com/warband/ai/goal/GolemDefendGoal,tick,()V,114,invokevirtual,navigation,net/minecraft/world/entity/ai/navigation/PathNavigation,moveTo,(DDDD)Z,coords,False,True,False,True,direct,every_tick,Goal.tick,False,False,False,
warband,1.3.2,mods/warband-1.3.2.jar,com/warband/ai/goal/GolemDefendGoal,tick,()V,132,invokevirtual,navigation,net/minecraft/world/entity/ai/navigation/PathNavigation,moveTo,(Lnet/minecraft/world/entity/Entity;D)Z,entity,True,True,False,True,direct,every_tick,Goal.tick,False,False,False,
warband,1.3.2,mods/warband-1.3.2.jar,com/warband/ai/goal/HoglinStampedeGoal,start,()V,109,invokevirtual,navigation,net/minecraft/world/entity/ai/navigation/PathNavigation,moveTo,(Lnet/minecraft/world/entity/Entity;D)Z,entity,True,True,False,True,direct,on_start,Goal.start,False,False,False,
warband,1.3.2,mods/warband-1.3.2.jar,com/warband/ai/goal/MountJockeyGoal,tick,()V,58,invokevirtual,navigation,net/minecraft/world/entity/ai/navigation/PathNavigation,moveTo,(Lnet/minecraft/world/entity/Entity;D)Z,entity,True,True,False,True,direct,every_tick,Goal.tick,False,False,False,
warband,1.3.2,mods/warband-1.3.2.jar,com/warband/ai/goal/PressureUnreachableGoal,doStackClimb,(Lnet/minecraft/world/entity/LivingEntity;)Z,70,invokevirtual,navigation,net/minecraft/world/entity/ai/navigation/PathNavigation,moveTo,(DDDD)Z,coords,False,True,False,True,same_class,on_start,via start <- Goal.start,False,False,False,
warband,1.3.2,mods/warband-1.3.2.jar,com/warband/ai/goal/SeekShelterGoal,start,()V,42,invokevirtual,navigation,net/minecraft/world/entity/ai/navigation/PathNavigation,moveTo,(DDDD)Z,coords,False,True,False,True,direct,on_start,Goal.start,False,False,False,
warband,1.3.2,mods/warband-1.3.2.jar,com/warband/ai/goal/SkeletonPerchGoal,start,()V,47,invokevirtual,navigation,net/minecraft/world/entity/ai/navigation/PathNavigation,moveTo,(DDDD)Z,coords,False,True,False,True,direct,on_start,Goal.start,False,False,False,
warband,1.3.2,mods/warband-1.3.2.jar,com/warband/ai/goal/SlimeSurgeGoal,start,()V,89,invokevirtual,navigation,net/minecraft/world/entity/ai/navigation/PathNavigation,moveTo,(Lnet/minecraft/world/entity/Entity;D)Z,entity,True,True,False,True,direct,on_start,Goal.start,False,False,False,
warband,1.3.2,mods/warband-1.3.2.jar,com/warband/ai/goal/SpiderRainShelterGoal,start,()V,40,invokevirtual,navigation,net/minecraft/world/entity/ai/navigation/PathNavigation,moveTo,(DDDD)Z,coords,False,True,False,True,direct,on_start,Goal.start,False,False,False,
warband,1.3.2,mods/warband-1.3.2.jar,com/warband/ai/goal/SquadGoal,moveTo,(Lnet/minecraft/core/BlockPos;)Z,34,invokevirtual,navigation,net/minecraft/world/entity/ai/navigation/PathNavigation,moveTo,(DDDD)Z,coords,False,True,False,True,cross_class,on_start,via ZombieHordeGoal#start <- Goal.start,False,False,False,
warband,1.3.2,mods/warband-1.3.2.jar,com/warband/ai/goal/WaterCommitGoal,start,()V,39,invokevirtual,navigation,net/minecraft/world/entity/ai/navigation/PathNavigation,moveTo,(Lnet/minecraft/world/entity/Entity;D)Z,entity,True,True,False,True,direct,on_start,Goal.start,False,False,False,
warband,1.3.2,mods/warband-1.3.2.jar,com/warband/ai/goal/ZombiePackGoal,start,()V,49,invokevirtual,navigation,net/minecraft/world/entity/ai/navigation/PathNavigation,moveTo,(DDDD)Z,coords,False,True,False,True,direct,on_start,Goal.start,False,False,False,
warband,1.3.2,mods/warband-1.3.2.jar,com/warband/illager/IllagerGrudgeSystem,directVengeancePursuit,(Lnet/minecraft/world/entity/Mob;Lnet/minecraft/server/level/ServerPlayer;)V,33,invokevirtual,navigation,net/minecraft/world/entity/ai/navigation/PathNavigation,moveTo,(Lnet/minecraft/world/entity/Entity;D)Z,entity,True,True,False,False,,,,False,False,False,
warband,1.3.2,mods/warband-1.3.2.jar,com/warband/spawn/AntiFarmDirector,inspect,(Lnet/minecraft/server/level/ServerLevel;Lnet/minecraft/world/entity/Mob;)V,262,invokevirtual,navigation,net/minecraft/world/entity/ai/navigation/PathNavigation,moveTo,(Lnet/minecraft/world/entity/Entity;D)Z,entity,True,True,False,False,,,,False,False,False,
yungscavebiomes,26.1.2-Fabric-4.1.0,mods/YungsCaveBiomes-26.1.2-Fabric-4.1.0.jar,com/yungnickyoung/minecraft/yungscavebiomes/entity/sand_snapper/goal/BuryLootGoal,tick,()V,255,invokevirtual,navigation,net/minecraft/world/entity/ai/navigation/PathNavigation,moveTo,(DDDD)Z,coords,False,True,False,True,direct,every_tick,Goal.tick,True,False,False,
yungscavebiomes,26.1.2-Fabric-4.1.0,mods/YungsCaveBiomes-26.1.2-Fabric-4.1.0.jar,com/yungnickyoung/minecraft/yungscavebiomes/entity/sand_snapper/goal/EatPeachGoal,start,()V,28,invokevirtual,navigation,net/minecraft/world/entity/ai/navigation/PathNavigation,moveTo,(Lnet/minecraft/world/entity/Entity;D)Z,entity,True,True,False,True,direct,on_start,Goal.start,False,False,False,
yungscavebiomes,26.1.2-Fabric-4.1.0,mods/YungsCaveBiomes-26.1.2-Fabric-4.1.0.jar,com/yungnickyoung/minecraft/yungscavebiomes/entity/sand_snapper/goal/EatPeachGoal,tick,()V,62,invokevirtual,navigation,net/minecraft/world/entity/ai/navigation/PathNavigation,moveTo,(Lnet/minecraft/world/entity/Entity;D)Z,entity,True,True,False,True,direct,every_tick,Goal.tick,True,False,False,
yungscavebiomes,26.1.2-Fabric-4.1.0,mods/YungsCaveBiomes-26.1.2-Fabric-4.1.0.jar,com/yungnickyoung/minecraft/yungscavebiomes/entity/sand_snapper/goal/EatPricklyPeachCactusGoal,start,()V,45,invokevirtual,navigation,net/minecraft/world/entity/ai/navigation/PathNavigation,moveTo,(DDDD)Z,coords,False,True,False,True,direct,on_start,Goal.start,False,False,False,
yungscavebiomes,26.1.2-Fabric-4.1.0,mods/YungsCaveBiomes-26.1.2-Fabric-4.1.0.jar,com/yungnickyoung/minecraft/yungscavebiomes/entity/sand_snapper/goal/EatPricklyPeachCactusGoal,tick,()V,85,invokevirtual,navigation,net/minecraft/world/entity/ai/navigation/PathNavigation,moveTo,(DDDD)Z,coords,False,True,False,True,direct,every_tick,Goal.tick,True,False,False,
yungscavebiomes,26.1.2-Fabric-4.1.0,mods/YungsCaveBiomes-26.1.2-Fabric-4.1.0.jar,com/yungnickyoung/minecraft/yungscavebiomes/entity/sand_snapper/goal/GiftLootGoal,tick,()V,254,invokevirtual,navigation,net/minecraft/world/entity/ai/navigation/PathNavigation,moveTo,(DDDD)Z,coords,False,True,False,True,direct,every_tick,Goal.tick,True,False,False,
yungscavebiomes,26.1.2-Fabric-4.1.0,mods/YungsCaveBiomes-26.1.2-Fabric-4.1.0.jar,com/yungnickyoung/minecraft/yungscavebiomes/entity/sand_snapper/goal/RunFromPlayerGoal,canUse,()Z,150,invokevirtual,navigation,net/minecraft/world/entity/ai/navigation/PathNavigation,createPath,(DDDI)Lnet/minecraft/world/level/pathfinder/Path;,coords,False,True,False,True,direct,every_tick,Goal.canUse,False,False,False,
yungscavebiomes,26.1.2-Fabric-4.1.0,mods/YungsCaveBiomes-26.1.2-Fabric-4.1.0.jar,com/yungnickyoung/minecraft/yungscavebiomes/entity/sand_snapper/goal/RunFromPlayerGoal,start,()V,12,invokevirtual,navigation,net/minecraft/world/entity/ai/navigation/PathNavigation,moveTo,(Lnet/minecraft/world/level/pathfinder/Path;D)Z,path,False,False,False,True,direct,on_start,Goal.start,False,False,False,
yungscavebiomes,26.1.2-Fabric-4.1.0,mods/YungsCaveBiomes-26.1.2-Fabric-4.1.0.jar,com/yungnickyoung/minecraft/yungscavebiomes/entity/sand_snapper/goal/RunFromPlayerGoal,tick,()V,160,invokevirtual,navigation,net/minecraft/world/entity/ai/navigation/PathNavigation,createPath,(DDDI)Lnet/minecraft/world/level/pathfinder/Path;,coords,False,True,False,True,direct,every_tick,Goal.tick,False,True,False,
yungscavebiomes,26.1.2-Fabric-4.1.0,mods/YungsCaveBiomes-26.1.2-Fabric-4.1.0.jar,com/yungnickyoung/minecraft/yungscavebiomes/entity/sand_snapper/goal/RunFromPlayerGoal,tick,()V,178,invokevirtual,navigation,net/minecraft/world/entity/ai/navigation/PathNavigation,moveTo,(Lnet/minecraft/world/level/pathfinder/Path;D)Z,path,False,False,False,True,direct,every_tick,Goal.tick,False,True,False,
yungscavebiomes,26.1.2-Fabric-4.1.0,mods/YungsCaveBiomes-26.1.2-Fabric-4.1.0.jar,com/yungnickyoung/minecraft/yungscavebiomes/entity/sand_snapper/goal/SnapperTemptGoal,tick,()V,88,invokevirtual,navigation,net/minecraft/world/entity/ai/navigation/PathNavigation,moveTo,(Lnet/minecraft/world/entity/Entity;D)Z,entity,True,True,False,True,direct,every_tick,Goal.tick,True,False,False,
